Surface,Local,Visitante,W_OR_L,1_M,1_M W%,1_SPW,1_Ace%,1_DF%,1_DF/2s,1_1stIn,1_1st%,1_2nd%,1_2%-InP,1_Hld%,1_RPW,1_vAce%,1_vDF%,1_v1st%,1_v2nd%,1_Brk%,1_BPConv%,1_BPChnc,1_BP/G,1_BP/S,1_BP/M,1_Bks/S,1_Bks/M,1_BPSvd%,1_BPvs/G,1_BPvs/S,1_BPvs/M,1_Bkn/S,1_Bkn/M,1_TPW%,1_TB W%,1_S W%,1_G W%,2_M,2_M W%,2_SPW,2_Ace%,2_DF%,2_DF/2s,2_1stIn,2_1st%,2_2nd%,2_2%-InP,2_Hld%,2_RPW,2_vAce%,2_vDF%,2_v1st%,2_v2nd%,2_Brk%,2_BPConv%,2_BPChnc,2_BP/G,2_BP/S,2_BP/M,2_Bks/S,2_Bks/M,2_BPSvd%,2_BPvs/G,2_BPvs/S,2_BPvs/M,2_Bkn/S,2_Bkn/M,2_TPW%,2_TB W%,2_S W%,2_G W%
Hard,Jaume Munar,Kei Nishikori,0,11,18.2,59.9,4.7,4.4,12.2,63.9,68.7,44.3,50.5,73.2,39.3,7.1,3.4,30.6,52.5,24.0,40.2,87,0.6,2.8,7.9,1.13,3.2,59.6,0.66,3.2,9.0,1.29,3.6,49.4,0.0,35.5,48.8,13,53.8,64.1,2.9,1.7,5.1,65.9,69.0,54.8,57.7,80.6,36.1,9.0,3.7,25.5,51.8,20.0,34.6,81,0.58,2.7,6.2,0.93,2.2,61.4,0.5,2.3,5.4,0.9,2.1,49.8,0.0,50.0,50.2
Hard,Christopher Oconnell,Roberto Carballes Baena,1,34,50.0,64.9,10.5,2.5,6.0,58.5,75.3,50.2,53.4,83.2,34.2,11.4,3.7,25.2,49.6,17.0,36.3,190,0.47,2.3,5.6,0.83,2.0,67.1,0.51,2.5,6.1,0.82,2.0,49.9,46.7,50.6,50.1,22,45.5,63.2,5.4,3.3,8.8,62.6,70.7,50.6,55.5,77.6,37.2,7.2,3.2,28.0,51.6,19.6,34.0,150,0.58,2.7,6.8,0.93,2.3,60.9,0.57,2.7,6.9,1.07,2.7,50.1,50.0,45.5,48.8
Hard,Miomir Kecmanovic,Tallon Griekspoor,0,34,44.1,63.5,5.4,2.9,7.4,60.8,70.0,53.4,57.6,78.5,36.0,9.7,3.5,26.1,51.7,19.5,37.0,230,0.53,2.5,6.8,0.93,2.5,53.9,0.47,2.2,6.0,1.03,2.8,49.5,33.3,45.1,49.1,40,52.5,68.0,12.5,3.7,11.0,65.8,76.6,51.4,57.8,86.0,31.0,11.5,3.2,23.6,44.3,13.5,38.1,181,0.35,1.8,4.5,0.68,1.7,63.4,0.38,1.9,4.9,0.7,1.8,49.6,50.0,51.5,49.6
Hard,Bu Yunchaokete,Nishesh Basavareddy,1,15,60.0,66.3,9.4,2.3,5.4,57.8,74.5,55.2,58.3,82.6,35.5,10.9,2.9,29.4,46.1,20.8,40.2,92,0.52,2.6,6.1,1.06,2.5,61.3,0.45,2.3,5.3,0.89,2.1,50.8,50.0,57.1,51.7,3,33.3,63.3,8.8,4.0,10.8,63.3,73.4,45.8,51.4,80.0,35.2,11.3,4.3,22.8,53.2,25.0,47.4,19,0.53,1.6,6.3,0.75,3.0,74.1,0.77,2.3,9.0,0.58,2.3,49.1,20.0,41.7,52.1
Hard,Fabian Marozsan,Pedro Martinez,1,33,51.5,62.1,5.8,3.4,9.9,65.8,69.3,48.4,53.7,75.9,37.3,9.6,4.1,28.1,51.9,23.2,41.0,222,0.57,2.7,6.7,1.1,2.8,58.1,0.57,2.8,6.9,1.16,2.9,50.0,46.7,49.4,49.8,15,26.7,58.8,5.0,5.6,15.9,64.7,65.3,46.9,55.7,69.2,35.9,12.4,3.6,24.5,53.7,19.4,40.7,81,0.48,2.3,5.4,0.92,2.2,50.5,0.62,2.9,7.0,1.44,3.5,47.5,33.3,30.6,44.2
Hard,Damir Dzumhur,Roberto Bautista Agut,1,6,33.3,58.8,0.7,3.3,9.1,63.9,65.1,47.5,52.2,70.5,38.5,6.0,3.8,32.3,47.7,26.2,44.0,25,0.6,1.8,4.2,0.79,1.8,43.5,0.52,1.6,3.8,0.93,2.2,48.8,0.0,35.7,48.8,27,51.9,62.4,3.8,2.8,8.7,67.8,68.4,49.8,54.5,78.1,36.1,14.5,4.4,24.9,53.9,19.1,39.2,148,0.49,2.3,5.5,0.91,2.1,64.4,0.62,3.0,7.1,1.06,2.5,49.7,70.0,51.6,48.9
Hard,Reilly Opelka,Roman Safiullin,0,11,36.4,69.6,22.0,3.8,10.5,63.6,79.3,52.7,58.9,89.0,26.9,8.5,3.7,20.1,40.3,8.7,28.9,45,0.3,1.6,4.1,0.45,1.2,74.2,0.43,2.3,6.0,0.59,1.5,48.9,30.0,37.9,49.5,28,46.4,65.1,9.9,3.9,9.8,59.8,75.1,50.3,55.8,80.4,36.6,7.6,4.0,28.5,50.0,19.6,35.4,192,0.55,2.7,6.9,0.96,2.4,62.0,0.52,2.5,6.4,0.96,2.4,50.5,45.5,47.9,50.0
Hard,Corentin Moutet,Jordan Thompson,1,11,27.3,57.9,2.4,3.0,8.4,64.9,64.9,44.9,49.1,67.5,37.0,4.8,3.3,31.4,47.0,22.0,38.4,73,0.57,2.8,6.6,1.08,2.5,55.1,0.72,3.4,8.1,1.54,3.6,47.4,37.5,30.8,44.4,44,63.6,66.0,10.1,1.4,3.5,59.7,74.3,53.7,55.7,81.9,37.5,6.6,4.4,30.1,49.4,21.9,39.1,297,0.56,2.7,6.8,1.05,2.6,64.3,0.51,2.4,6.1,0.87,2.2,51.4,75.0,60.9,51.9
Hard,Luca Nardi,Cameron Norrie,0,7,28.6,56.6,3.8,6.3,16.3,61.6,66.4,40.9,48.9,66.7,35.4,6.8,4.0,23.9,52.3,18.5,35.7,42,0.52,2.3,6.0,0.83,2.1,53.3,0.71,3.3,8.6,1.56,4.0,46.3,0.0,27.8,43.0,18,61.1,66.2,7.5,2.3,6.5,64.8,72.4,55.0,58.8,84.8,35.9,10.9,3.3,28.6,48.8,21.5,36.2,152,0.59,2.9,8.4,1.06,3.1,65.5,0.44,2.2,6.4,0.77,2.2,51.2,23.1,53.8,53.6
Hard,Rinky Hijikata,Alexander Shevchenko,1,23,47.8,60.1,6.1,3.9,9.1,57.5,68.7,48.5,53.3,73.1,36.8,10.2,3.2,29.2,49.6,20.7,38.3,154,0.54,2.6,6.7,1.0,2.6,61.5,0.7,3.3,8.3,1.25,3.2,48.4,63.6,44.1,46.4,32,46.9,61.4,7.6,3.7,9.1,59.7,70.2,48.4,53.2,75.4,36.0,8.4,3.2,28.0,50.2,19.1,39.0,187,0.49,2.3,5.8,0.89,2.3,57.8,0.58,2.7,7.0,1.15,2.9,48.9,68.8,45.1,47.2
Hard,Joao Fonseca,Jacob Fearnley,1,8,87.5,73.0,9.8,1.1,3.7,70.5,77.9,61.3,63.7,91.3,35.4,11.2,4.8,27.3,51.5,22.3,29.2,72,0.77,2.6,9.0,0.75,2.6,65.2,0.25,0.8,2.9,0.29,1.0,53.3,50.0,67.9,56.5,2,50.0,56.9,3.3,7.2,16.2,55.6,67.1,44.1,52.6,71.4,38.6,9.1,3.0,30.6,53.2,30.0,42.9,14,0.7,3.5,7.0,1.5,3.0,64.7,0.81,4.3,8.5,1.5,3.0,48.4,50.0,50.0,51.2
Hard,Tomas Martin Etcheverry,Jakub Mensik,0,26,46.2,64.7,9.5,2.1,6.2,65.4,73.6,47.9,51.1,83.0,34.8,9.3,3.7,23.9,51.7,17.8,34.6,185,0.51,2.6,7.1,0.91,2.5,65.7,0.5,2.5,6.8,0.87,2.3,49.9,45.0,50.0,50.3,29,58.6,64.5,13.2,4.0,10.1,60.2,75.5,47.8,53.2,82.6,35.4,8.4,3.9,26.7,49.7,18.9,37.6,205,0.5,2.3,7.1,0.88,2.7,65.9,0.51,2.4,7.2,0.81,2.4,50.1,53.1,55.7,50.7
Hard,Mackenzie Mcdonald,Alejandro Davidovich Fokina,1,9,22.2,57.8,5.7,4.4,12.3,64.6,62.4,49.4,56.3,67.3,38.0,7.1,3.6,28.4,52.0,24.5,44.3,61,0.55,2.5,6.8,1.13,3.0,50.0,0.65,2.9,7.8,1.46,3.9,47.8,0.0,33.3,45.6,32,50.0,63.4,6.6,3.1,9.4,66.9,69.4,51.5,56.8,80.0,37.2,9.8,3.8,27.8,50.6,22.4,41.3,213,0.54,2.7,6.7,1.1,2.8,63.6,0.55,2.7,6.8,0.99,2.5,50.3,33.3,50.0,51.3
Hard,Gabriel Diallo,Zhizhen Zhang,1,14,57.1,62.6,10.5,3.0,9.4,68.6,70.2,46.2,51.0,80.5,37.3,5.4,3.5,32.4,45.6,21.8,35.3,116,0.62,3.1,8.3,1.11,2.9,59.8,0.48,2.5,6.6,1.0,2.6,50.1,37.5,54.1,51.3,30,40.0,65.2,9.9,3.0,8.1,63.3,72.7,52.3,56.9,82.1,33.1,13.1,3.9,24.2,47.8,15.8,35.4,158,0.45,2.2,5.3,0.77,1.9,56.6,0.41,2.0,4.8,0.86,2.1,49.0,33.3,42.5,48.8
Hard,Aleksandar Kovacevic,Matteo Arnaldi,0,22,31.8,64.6,13.0,4.9,11.8,58.7,76.0,48.4,54.8,82.0,31.8,12.7,2.9,24.0,43.6,13.6,34.2,114,0.4,2.0,5.2,0.68,1.8,69.1,0.58,2.9,7.5,0.89,2.3,48.5,28.6,35.1,47.7,33,54.5,62.3,8.5,3.7,8.4,56.4,72.0,49.8,54.4,78.0,36.5,5.2,2.9,29.8,47.5,21.1,38.6,233,0.55,2.7,7.1,1.03,2.7,58.5,0.53,2.6,6.9,1.09,2.9,49.6,61.1,54.0,49.7
Hard,Gael Monfils,Jan Lennard Struff,1,30,56.7,65.3,10.8,5.3,13.3,59.8,74.4,51.6,59.5,82.9,36.4,4.5,3.0,31.0,45.7,20.9,38.2,212,0.55,2.7,7.1,1.01,2.7,65.5,0.49,2.4,6.5,0.84,2.2,50.9,61.1,55.0,52.1,23,39.1,64.6,10.8,4.4,10.9,59.3,76.3,47.7,53.5,82.4,34.8,12.8,4.5,25.4,48.8,14.8,31.3,160,0.47,2.4,7.0,0.76,2.2,67.9,0.55,2.8,8.0,0.89,2.6,49.6,54.5,43.9,48.4
Hard,Hugo Gaston,Luciano Darderi,1,15,40.0,58.5,4.0,3.0,7.4,59.4,65.6,48.0,51.9,69.0,34.6,9.1,3.3,28.1,45.3,17.7,34.7,95,0.51,2.4,6.3,0.83,2.2,55.1,0.69,3.2,8.5,1.43,3.8,46.8,66.7,35.0,43.2,14,14.3,60.1,8.0,3.9,9.2,57.6,69.4,47.4,52.2,74.1,30.9,14.4,4.0,22.2,45.7,10.7,27.4,62,0.39,1.9,4.4,0.53,1.2,57.3,0.61,3.0,6.9,1.28,2.9,46.1,55.6,21.9,42.3
Hard,Arthur Rinderknech,Nuno Borges,0,27,51.9,66.4,13.6,2.6,7.1,64.2,75.8,49.5,53.3,83.0,32.9,9.7,3.3,24.2,46.6,15.8,32.3,167,0.49,2.4,6.2,0.78,2.0,64.6,0.48,2.3,6.0,0.83,2.1,49.5,56.3,49.3,49.1,29,44.8,62.7,8.0,4.0,10.1,60.9,71.4,49.1,54.6,75.7,37.2,7.8,4.4,26.4,53.9,19.9,36.0,203,0.55,2.7,7.0,0.96,2.5,56.7,0.56,2.7,7.0,1.16,3.0,49.7,52.9,46.1,47.6
Hard,David Goffin,Lorenzo Sonego,1,25,60.0,60.3,6.3,3.9,9.9,60.7,68.6,47.5,52.8,73.7,39.2,8.7,3.2,30.1,52.2,27.8,39.1,215,0.71,3.4,8.6,1.31,3.4,60.7,0.67,3.1,8.0,1.23,3.2,50.0,50.0,53.1,50.7,29,37.9,66.1,9.6,2.3,7.0,67.4,73.8,50.1,53.9,83.7,32.1,4.7,2.9,26.7,41.6,12.8,32.2,143,0.4,2.0,4.9,0.65,1.6,62.6,0.44,2.2,5.3,0.82,2.0,49.0,50.0,40.8,48.2
Hard,Quentin Halys,Pablo Carreno Busta,1,12,41.7,65.3,15.5,4.0,9.9,59.3,77.7,47.2,52.3,84.0,31.9,8.4,3.4,23.9,44.0,12.2,37.5,48,0.32,1.6,4.0,0.6,1.5,72.4,0.58,2.9,7.3,0.8,2.0,49.4,50.0,40.0,48.3,14,57.1,62.6,5.8,3.9,10.4,62.0,69.1,52.0,58.1,76.0,38.4,10.0,2.7,29.5,50.3,28.0,50.0,84,0.56,2.5,6.0,1.27,3.0,55.0,0.53,2.4,5.7,1.09,2.6,50.8,33.3,51.5,52.0
Hard,Mariano Navone,Learner Tien,1,13,23.1,60.1,5.4,3.7,8.5,56.9,68.5,49.0,53.5,71.7,34.4,6.9,3.9,26.1,47.9,15.6,34.8,69,0.45,2.2,5.3,0.75,1.8,61.3,0.73,3.5,8.5,1.34,3.3,47.4,40.0,28.1,43.5,10,60.0,61.8,4.3,2.1,6.6,67.5,65.7,53.9,57.7,75.4,35.5,9.7,2.0,26.4,52.6,21.0,38.8,67,0.54,1.9,6.7,0.72,2.6,64.8,0.7,2.4,8.8,0.86,3.1,48.8,62.5,50.0,48.4
Hard,Kei Nishikori,Ugo Humbert,0,13,53.8,64.1,2.9,1.7,5.1,65.9,69.0,54.8,57.7,80.6,36.1,9.0,3.7,25.5,51.8,20.0,34.6,81,0.58,2.7,6.2,0.93,2.2,61.4,0.5,2.3,5.4,0.9,2.1,49.8,0.0,50.0,50.2,42,69.0,67.6,9.4,2.4,6.8,63.9,74.0,56.3,60.4,87.6,37.0,8.1,3.7,27.5,52.1,23.1,39.4,297,0.59,2.8,7.1,1.08,2.8,68.0,0.39,1.9,4.8,0.59,1.5,52.4,23.1,64.8,55.7
Hard,Alexander Zverev,Tallon Griekspoor,0,52,75.0,70.2,11.4,2.7,9.1,70.6,76.2,55.9,61.5,90.3,37.2,7.7,2.5,28.9,51.3,21.1,39.2,380,0.54,2.7,7.3,1.05,2.9,72.3,0.35,1.8,4.8,0.49,1.3,53.2,57.6,69.0,55.9,40,52.5,68.0,12.5,3.7,11.0,65.8,76.6,51.4,57.8,86.0,31.0,11.5,3.2,23.6,44.3,13.5,38.1,181,0.35,1.8,4.5,0.68,1.7,63.4,0.38,1.9,4.9,0.7,1.8,49.6,50.0,51.5,49.6
Hard,Alexei Popyrin,Zizou Bergs,1,32,65.6,66.6,12.4,3.8,10.1,62.2,76.2,50.8,56.5,85.6,36.1,9.3,4.6,27.8,49.7,20.2,34.3,233,0.59,2.9,7.3,1.0,2.5,69.5,0.47,2.3,5.8,0.71,1.8,51.3,55.0,61.3,52.8,23,56.5,65.2,9.2,3.9,10.0,60.7,73.5,52.4,58.3,81.8,36.3,5.8,3.6,28.1,49.3,18.6,34.5,165,0.54,2.6,7.2,0.9,2.5,62.3,0.48,2.3,6.3,0.87,2.4,50.4,50.0,54.0,50.0
Hard,Cameron Norrie,Jiri Lehecka,1,18,61.1,66.2,7.5,2.3,6.5,64.8,72.4,55.0,58.8,84.8,35.9,10.9,3.3,28.6,48.8,21.5,36.2,152,0.59,2.9,8.4,1.06,3.1,65.5,0.44,2.2,6.4,0.77,2.2,51.2,23.1,53.8,53.6,44,59.1,65.7,10.9,3.5,9.1,61.2,74.7,51.4,56.5,82.9,34.8,8.1,3.1,27.8,46.2,18.5,36.0,278,0.51,2.5,6.3,0.9,2.3,66.9,0.52,2.5,6.3,0.83,2.1,50.3,63.2,55.0,50.6
Hard,Casper Ruud,Marcos Giron,0,43,60.5,67.5,8.4,2.7,8.1,66.0,74.6,53.8,58.5,86.7,35.0,10.8,3.5,25.4,49.9,19.9,39.4,254,0.51,2.3,5.9,0.91,2.3,64.6,0.38,1.7,4.4,0.61,1.6,51.3,47.6,56.4,53.4,30,50.0,64.6,6.2,2.0,5.3,61.2,73.0,51.2,54.1,80.6,36.7,9.2,3.2,28.6,49.7,20.6,39.3,183,0.52,2.5,6.1,1.0,2.4,58.2,0.46,2.2,5.3,0.92,2.2,50.3,61.5,54.2,50.2
Hard,Christopher Oconnell,Matteo Berrettini,0,34,50.0,64.9,10.5,2.5,6.0,58.5,75.3,50.2,53.4,83.2,34.2,11.4,3.7,25.2,49.6,17.0,36.3,190,0.47,2.3,5.6,0.83,2.0,67.1,0.51,2.5,6.1,0.82,2.0,49.9,46.7,50.6,50.1,19,57.9,67.1,13.0,1.7,4.8,65.5,76.7,48.8,51.3,86.5,34.3,6.5,2.5,27.8,44.7,18.4,38.9,108,0.47,2.3,5.7,0.91,2.2,69.0,0.44,2.2,5.3,0.67,1.6,50.7,50.0,58.7,52.5
Hard,Roman Safiullin,Lorenzo Musetti,0,28,46.4,65.1,9.9,3.9,9.8,59.8,75.1,50.3,55.8,80.4,36.6,7.6,4.0,28.5,50.0,19.6,35.4,192,0.55,2.7,6.9,0.96,2.4,62.0,0.52,2.5,6.4,0.96,2.4,50.5,45.5,47.9,50.0,33,48.5,62.8,4.6,2.5,6.8,63.3,69.2,51.7,55.5,75.4,36.4,8.6,4.0,26.4,52.4,19.8,32.5,255,0.61,2.9,7.7,0.95,2.5,54.8,0.55,2.6,7.0,1.2,3.2,49.3,55.6,47.1,47.6
Hard,Corentin Moutet,Holger Rune,0,11,27.3,57.9,2.4,3.0,8.4,64.9,64.9,44.9,49.1,67.5,37.0,4.8,3.3,31.4,47.0,22.0,38.4,73,0.57,2.8,6.6,1.08,2.5,55.1,0.72,3.4,8.1,1.54,3.6,47.4,37.5,30.8,44.4,46,67.4,67.0,9.3,3.7,9.3,60.0,74.7,55.6,61.3,85.4,35.4,8.8,3.6,26.0,50.5,19.2,37.7,276,0.51,2.5,6.0,0.93,2.3,65.0,0.42,2.0,4.9,0.71,1.7,51.2,60.0,59.8,52.4
Hard,Arthur Fils,Gabriel Diallo,1,37,59.5,67.2,10.2,4.3,10.9,60.7,78.3,49.9,56.0,85.1,35.6,9.0,3.1,27.0,50.0,18.4,34.6,237,0.53,2.5,6.4,0.86,2.2,64.4,0.42,2.0,5.1,0.71,1.8,51.0,56.5,55.8,51.8,14,57.1,62.6,10.5,3.0,9.4,68.6,70.2,46.2,51.0,80.5,37.3,5.4,3.5,32.4,45.6,21.8,35.3,116,0.62,3.1,8.3,1.11,2.9,59.8,0.48,2.5,6.6,1.0,2.6,50.1,37.5,54.1,51.3
Hard,Daniil Medvedev,Bu Yunchaokete,1,41,70.7,63.5,8.2,6.0,15.1,60.3,73.2,48.7,57.4,79.5,40.6,5.7,3.3,32.9,53.6,29.9,42.6,376,0.7,3.4,9.2,1.43,3.9,61.7,0.54,2.5,6.9,0.96,2.6,51.9,73.3,65.2,54.5,15,60.0,66.3,9.4,2.3,5.4,57.8,74.5,55.2,58.3,82.6,35.5,10.9,2.9,29.4,46.1,20.8,40.2,92,0.52,2.6,6.1,1.06,2.5,61.3,0.45,2.3,5.3,0.89,2.1,50.8,50.0,57.1,51.7
Hard,Frances Tiafoe,Damir Dzumhur,1,41,58.5,65.9,10.4,2.9,7.0,58.3,75.0,53.2,57.2,82.9,35.7,13.6,4.1,27.0,49.8,19.1,36.7,278,0.52,2.6,6.8,0.94,2.5,63.3,0.47,2.3,6.0,0.84,2.2,50.7,53.8,54.6,50.8,6,33.3,58.8,0.7,3.3,9.1,63.9,65.1,47.5,52.2,70.5,38.5,6.0,3.8,32.3,47.7,26.2,44.0,25,0.6,1.8,4.2,0.79,1.8,43.5,0.52,1.6,3.8,0.93,2.2,48.8,0.0,35.7,48.8
Hard,Joao Fonseca,Jack Draper,0,8,87.5,73.0,9.8,1.1,3.7,70.5,77.9,61.3,63.7,91.3,35.4,11.2,4.8,27.3,51.5,22.3,29.2,72,0.77,2.6,9.0,0.75,2.6,65.2,0.25,0.8,2.9,0.29,1.0,53.3,50.0,67.9,56.5,39,66.7,65.8,10.4,4.3,10.2,57.9,76.9,50.4,56.1,83.9,39.5,7.8,4.0,31.8,51.0,27.4,46.1,284,0.59,2.8,7.3,1.3,3.4,65.0,0.46,2.2,5.6,0.76,2.0,52.5,50.0,64.4,55.7
Hard,Andrey Rublev,Matteo Arnaldi,0,50,64.0,68.5,11.3,2.9,7.7,62.3,77.1,54.3,58.8,87.6,36.9,11.1,3.8,27.3,52.3,19.9,35.1,367,0.57,2.8,7.3,0.99,2.6,69.7,0.41,2.1,5.3,0.62,1.6,52.3,51.7,60.8,53.9,33,54.5,62.3,8.5,3.7,8.4,56.4,72.0,49.8,54.4,78.0,36.5,5.2,2.9,29.8,47.5,21.1,38.6,233,0.55,2.7,7.1,1.03,2.7,58.5,0.53,2.6,6.9,1.09,2.9,49.6,61.1,54.0,49.7
Hard,Adam Walton,Denis Shapovalov,0,9,11.1,65.5,8.3,2.8,8.1,65.5,74.6,48.3,52.5,82.0,30.6,14.3,2.8,22.4,44.6,9.6,22.0,50,0.44,2.3,5.6,0.5,1.2,62.3,0.48,2.4,5.9,0.91,2.2,47.6,0.0,18.2,45.3,33,54.5,67.5,12.4,7.5,19.3,61.0,78.6,50.2,62.2,86.7,37.7,5.5,3.8,31.5,49.1,22.4,37.6,229,0.6,3.0,6.9,1.12,2.6,65.3,0.38,1.9,4.5,0.66,1.5,52.1,33.3,55.8,54.6
Hard,Francisco Cerundolo,Mackenzie Mcdonald,1,29,48.3,62.4,5.3,4.3,10.9,60.5,70.1,50.6,56.8,78.8,36.2,7.4,3.3,27.1,51.0,21.2,42.6,176,0.5,2.4,6.1,1.03,2.6,62.9,0.57,2.8,7.1,1.04,2.6,49.6,47.4,49.3,50.2,9,22.2,57.8,5.7,4.4,12.3,64.6,62.4,49.4,56.3,67.3,38.0,7.1,3.6,28.4,52.0,24.5,44.3,61,0.55,2.5,6.8,1.13,3.0,50.0,0.65,2.9,7.8,1.46,3.9,47.8,0.0,33.3,45.6
Hard,Carlos Alcaraz,Quentin Halys,1,37,78.4,70.5,7.5,2.4,6.6,64.5,76.6,59.4,63.6,89.0,40.6,6.0,3.3,33.7,53.0,27.8,40.2,286,0.69,3.2,7.7,1.29,3.1,64.1,0.31,1.4,3.5,0.52,1.2,54.4,53.3,73.0,58.5,12,41.7,65.3,15.5,4.0,9.9,59.3,77.7,47.2,52.3,84.0,31.9,8.4,3.4,23.9,44.0,12.2,37.5,48,0.32,1.6,4.0,0.6,1.5,72.4,0.58,2.9,7.3,0.8,2.0,49.4,50.0,40.0,48.3
Hard,Botic Van De Zandschulp,Novak Djokovic,1,30,40.0,62.3,6.4,4.4,12.4,64.5,70.8,46.9,53.5,77.1,35.1,8.5,3.6,25.7,50.7,17.8,38.9,162,0.46,2.3,5.4,0.9,2.1,59.8,0.57,2.8,6.6,1.14,2.7,48.8,43.8,41.4,47.2,21,76.2,68.9,9.8,3.7,9.7,61.7,77.2,55.5,61.4,87.9,39.9,9.5,3.1,29.7,56.7,25.9,37.7,183,0.69,3.1,8.7,1.15,3.3,66.7,0.36,1.7,4.7,0.55,1.6,54.0,63.6,70.0,57.3
Hard,Hugo Gaston,Hubert Hurkacz,0,15,40.0,58.5,4.0,3.0,7.4,59.4,65.6,48.0,51.9,69.0,34.6,9.1,3.3,28.1,45.3,17.7,34.7,95,0.51,2.4,6.3,0.83,2.2,55.1,0.69,3.2,8.5,1.43,3.8,46.8,66.7,35.0,43.2,34,61.8,69.8,15.3,2.4,6.3,62.1,78.8,55.0,58.7,88.8,33.9,8.9,2.7,25.5,48.7,15.6,35.6,208,0.44,2.2,6.1,0.77,2.2,69.8,0.37,1.9,5.4,0.57,1.6,51.6,51.6,58.3,52.8
Hard,Brandon Nakashima,Rinky Hijikata,1,30,53.3,68.1,12.1,1.4,4.3,66.5,74.4,55.7,58.2,87.3,32.9,10.3,3.6,24.3,47.1,15.7,36.3,157,0.43,2.1,5.2,0.76,1.9,68.1,0.4,1.9,4.8,0.61,1.5,50.4,50.0,54.7,51.5,23,47.8,60.1,6.1,3.9,9.1,57.5,68.7,48.5,53.3,73.1,36.8,10.2,3.2,29.2,49.6,20.7,38.3,154,0.54,2.6,6.7,1.0,2.6,61.5,0.7,3.3,8.3,1.25,3.2,48.4,63.6,44.1,46.4
Hard,Karen Khachanov,Jakub Mensik,1,43,65.1,66.7,10.5,2.0,5.7,64.1,74.7,52.5,55.7,82.7,36.7,10.8,3.5,26.6,53.6,22.5,40.5,294,0.56,2.8,6.8,1.12,2.8,60.8,0.44,2.2,5.4,0.86,2.1,51.3,68.0,61.3,52.5,29,58.6,64.5,13.2,4.0,10.1,60.2,75.5,47.8,53.2,82.6,35.4,8.4,3.9,26.7,49.7,18.9,37.6,205,0.5,2.3,7.1,0.88,2.7,65.9,0.51,2.4,7.2,0.81,2.4,50.1,53.1,55.7,50.7
Hard,Grigor Dimitrov,Nuno Borges,1,46,73.9,69.6,11.6,4.6,12.2,62.1,80.5,51.6,58.8,87.5,36.9,9.8,3.4,27.7,51.9,20.6,35.9,329,0.57,2.7,7.2,0.98,2.6,68.1,0.39,1.9,5.0,0.61,1.6,52.7,76.0,66.7,54.4,29,44.8,62.7,8.0,4.0,10.1,60.9,71.4,49.1,54.6,75.7,37.2,7.8,4.4,26.4,53.9,19.9,36.0,203,0.55,2.7,7.0,0.96,2.5,56.7,0.56,2.7,7.0,1.16,3.0,49.7,52.9,46.1,47.6
Hard,Ben Shelton,Mariano Navone,1,47,61.7,69.7,11.6,3.3,11.0,69.6,76.0,55.2,62.0,89.2,32.1,7.3,3.4,24.2,45.3,14.8,35.8,257,0.41,2.1,5.5,0.77,2.0,73.2,0.4,2.1,5.4,0.57,1.4,51.0,54.1,59.2,52.2,13,23.1,60.1,5.4,3.7,8.5,56.9,68.5,49.0,53.5,71.7,34.4,6.9,3.9,26.1,47.9,15.6,34.8,69,0.45,2.2,5.3,0.75,1.8,61.3,0.73,3.5,8.5,1.34,3.3,47.4,40.0,28.1,43.5
Hard,David Goffin,Alex De Minaur,0,25,60.0,60.3,6.3,3.9,9.9,60.7,68.6,47.5,52.8,73.7,39.2,8.7,3.2,30.1,52.2,27.8,39.1,215,0.71,3.4,8.6,1.31,3.4,60.7,0.67,3.1,8.0,1.23,3.2,50.0,50.0,53.1,50.7,45,66.7,64.8,7.0,3.5,7.7,54.4,73.5,54.3,58.9,82.4,40.4,6.8,3.4,30.5,55.0,27.6,45.2,334,0.61,2.8,7.4,1.28,3.4,62.2,0.46,2.1,5.6,0.81,2.1,52.2,63.6,62.7,54.8
Hard,Sebastian Korda,Gael Monfils,0,30,63.3,65.3,11.9,2.7,6.7,60.0,74.7,51.2,54.8,81.6,37.7,8.2,4.5,28.3,53.1,23.8,41.2,199,0.58,2.7,6.6,1.11,2.7,60.7,0.47,2.2,5.4,0.86,2.1,51.1,42.9,56.8,52.7,30,56.7,65.3,10.8,5.3,13.3,59.8,74.4,51.6,59.5,82.9,36.4,4.5,3.0,31.0,45.7,20.9,38.2,212,0.55,2.7,7.1,1.01,2.7,65.5,0.49,2.4,6.5,0.84,2.2,50.9,61.1,55.0,52.1
Hard,Cameron Norrie,Tommy Paul,0,18,61.1,66.2,7.5,2.3,6.5,64.8,72.4,55.0,58.8,84.8,35.9,10.9,3.3,28.6,48.8,21.5,36.2,152,0.59,2.9,8.4,1.06,3.1,65.5,0.44,2.2,6.4,0.77,2.2,51.2,23.1,53.8,53.6,38,65.8,64.7,7.5,2.3,5.9,60.1,71.9,53.8,57.2,82.0,40.5,5.4,2.9,33.2,52.0,27.7,40.7,305,0.68,3.1,8.0,1.28,3.3,65.7,0.52,2.4,6.2,0.84,2.1,52.5,53.3,64.9,54.9
Hard,Marcos Giron,Alexei Popyrin,1,30,50.0,64.6,6.2,2.0,5.3,61.2,73.0,51.2,54.1,80.6,36.7,9.2,3.2,28.6,49.7,20.6,39.3,183,0.52,2.5,6.1,1.0,2.4,58.2,0.46,2.2,5.3,0.92,2.2,50.3,61.5,54.2,50.2,32,65.6,66.6,12.4,3.8,10.1,62.2,76.2,50.8,56.5,85.6,36.1,9.3,4.6,27.8,49.7,20.2,34.3,233,0.59,2.9,7.3,1.0,2.5,69.5,0.47,2.3,5.8,0.71,1.8,51.3,55.0,61.3,52.8
Hard,Stefanos Tsitsipas,Matteo Berrettini,1,35,60.0,66.1,9.9,3.7,8.9,58.2,75.4,53.1,58.2,86.1,34.5,7.7,3.0,26.4,46.7,19.4,39.4,208,0.49,2.4,5.9,0.94,2.3,70.1,0.47,2.3,5.7,0.69,1.7,50.9,53.3,57.5,53.2,19,57.9,67.1,13.0,1.7,4.8,65.5,76.7,48.8,51.3,86.5,34.3,6.5,2.5,27.8,44.7,18.4,38.9,108,0.47,2.3,5.7,0.91,2.2,69.0,0.44,2.2,5.3,0.67,1.6,50.7,50.0,58.7,52.5
Hard,Daniil Medvedev,Alex Michelsen,1,41,70.7,63.5,8.2,6.0,15.1,60.3,73.2,48.7,57.4,79.5,40.6,5.7,3.3,32.9,53.6,29.9,42.6,376,0.7,3.4,9.2,1.43,3.9,61.7,0.54,2.5,6.9,0.96,2.6,51.9,73.3,65.2,54.5,45,57.8,63.8,6.5,3.3,9.8,66.2,70.7,50.4,55.8,80.6,37.9,7.9,4.0,29.9,50.5,25.1,43.1,306,0.58,2.6,6.8,1.14,2.9,62.2,0.51,2.4,6.1,0.9,2.3,51.1,48.3,56.0,53.2
Hard,Holger Rune,Ugo Humbert,1,46,67.4,67.0,9.3,3.7,9.3,60.0,74.7,55.6,61.3,85.4,35.4,8.8,3.6,26.0,50.5,19.2,37.7,276,0.51,2.5,6.0,0.93,2.3,65.0,0.42,2.0,4.9,0.71,1.7,51.2,60.0,59.8,52.4,42,69.0,67.6,9.4,2.4,6.8,63.9,74.0,56.3,60.4,87.6,37.0,8.1,3.7,27.5,52.1,23.1,39.4,297,0.59,2.8,7.1,1.08,2.8,68.0,0.39,1.9,4.8,0.59,1.5,52.4,23.1,64.8,55.7
Hard,Lorenzo Musetti,Arthur Fils,0,33,48.5,62.8,4.6,2.5,6.8,63.3,69.2,51.7,55.5,75.4,36.4,8.6,4.0,26.4,52.4,19.8,32.5,255,0.61,2.9,7.7,0.95,2.5,54.8,0.55,2.6,7.0,1.2,3.2,49.3,55.6,47.1,47.6,37,59.5,67.2,10.2,4.3,10.9,60.7,78.3,49.9,56.0,85.1,35.6,9.0,3.1,27.0,50.0,18.4,34.6,237,0.53,2.5,6.4,0.86,2.2,64.4,0.42,2.0,5.1,0.71,1.8,51.0,56.5,55.8,51.8
Hard,Botic Van De Zandschulp,Francisco Cerundolo,0,30,40.0,62.3,6.4,4.4,12.4,64.5,70.8,46.9,53.5,77.1,35.1,8.5,3.6,25.7,50.7,17.8,38.9,162,0.46,2.3,5.4,0.9,2.1,59.8,0.57,2.8,6.6,1.14,2.7,48.8,43.8,41.4,47.2,29,48.3,62.4,5.3,4.3,10.9,60.5,70.1,50.6,56.8,78.8,36.2,7.4,3.3,27.1,51.0,21.2,42.6,176,0.5,2.4,6.1,1.03,2.6,62.9,0.57,2.8,7.1,1.04,2.6,49.6,47.4,49.3,50.2
Hard,Alex De Minaur,Hubert Hurkacz,1,45,66.7,64.8,7.0,3.5,7.7,54.4,73.5,54.3,58.9,82.4,40.4,6.8,3.4,30.5,55.0,27.6,45.2,334,0.61,2.8,7.4,1.28,3.4,62.2,0.46,2.1,5.6,0.81,2.1,52.2,63.6,62.7,54.8,34,61.8,69.8,15.3,2.4,6.3,62.1,78.8,55.0,58.7,88.8,33.9,8.9,2.7,25.5,48.7,15.6,35.6,208,0.44,2.2,6.1,0.77,2.2,69.8,0.37,1.9,5.4,0.57,1.6,51.6,51.6,58.3,52.8
Hard,Taylor Fritz,Alejandro Tabilo,1,42,66.7,68.6,12.5,2.7,7.0,61.5,76.9,55.3,59.5,88.0,36.3,8.0,4.2,26.9,50.7,21.0,39.1,289,0.54,2.6,6.9,1.01,2.7,69.9,0.4,2.0,5.2,0.59,1.6,52.3,64.7,64.3,54.8,29,48.3,65.6,11.9,3.6,9.9,63.6,75.2,48.8,54.2,82.6,35.0,12.1,4.5,26.1,50.2,17.7,38.1,168,0.47,2.3,5.8,0.86,2.2,63.2,0.47,2.3,5.9,0.85,2.2,50.4,38.9,48.6,50.3
Hard,Brandon Nakashima,Matteo Arnaldi,1,30,53.3,68.1,12.1,1.4,4.3,66.5,74.4,55.7,58.2,87.3,32.9,10.3,3.6,24.3,47.1,15.7,36.3,157,0.43,2.1,5.2,0.76,1.9,68.1,0.4,1.9,4.8,0.61,1.5,50.4,50.0,54.7,51.5,33,54.5,62.3,8.5,3.7,8.4,56.4,72.0,49.8,54.4,78.0,36.5,5.2,2.9,29.8,47.5,21.1,38.6,233,0.55,2.7,7.1,1.03,2.7,58.5,0.53,2.6,6.9,1.09,2.9,49.6,61.1,54.0,49.7
Hard,Karen Khachanov,Ben Shelton,0,43,65.1,66.7,10.5,2.0,5.7,64.1,74.7,52.5,55.7,82.7,36.7,10.8,3.5,26.6,53.6,22.5,40.5,294,0.56,2.8,6.8,1.12,2.8,60.8,0.44,2.2,5.4,0.86,2.1,51.3,68.0,61.3,52.5,47,61.7,69.7,11.6,3.3,11.0,69.6,76.0,55.2,62.0,89.2,32.1,7.3,3.4,24.2,45.3,14.8,35.8,257,0.41,2.1,5.5,0.77,2.0,73.2,0.4,2.1,5.4,0.57,1.4,51.0,54.1,59.2,52.2
Hard,Carlos Alcaraz,Denis Shapovalov,1,37,78.4,70.5,7.5,2.4,6.6,64.5,76.6,59.4,63.6,89.0,40.6,6.0,3.3,33.7,53.0,27.8,40.2,286,0.69,3.2,7.7,1.29,3.1,64.1,0.31,1.4,3.5,0.52,1.2,54.4,53.3,73.0,58.5,33,54.5,67.5,12.4,7.5,19.3,61.0,78.6,50.2,62.2,86.7,37.7,5.5,3.8,31.5,49.1,22.4,37.6,229,0.6,3.0,6.9,1.12,2.6,65.3,0.38,1.9,4.5,0.66,1.5,52.1,33.3,55.8,54.6
Hard,Grigor Dimitrov,Gael Monfils,1,46,73.9,69.6,11.6,4.6,12.2,62.1,80.5,51.6,58.8,87.5,36.9,9.8,3.4,27.7,51.9,20.6,35.9,329,0.57,2.7,7.2,0.98,2.6,68.1,0.39,1.9,5.0,0.61,1.6,52.7,76.0,66.7,54.4,30,56.7,65.3,10.8,5.3,13.3,59.8,74.4,51.6,59.5,82.9,36.4,4.5,3.0,31.0,45.7,20.9,38.2,212,0.55,2.7,7.1,1.01,2.7,65.5,0.49,2.4,6.5,0.84,2.2,50.9,61.1,55.0,52.1
Hard,Stefanos Tsitsipas,Holger Rune,0,35,60.0,66.1,9.9,3.7,8.9,58.2,75.4,53.1,58.2,86.1,34.5,7.7,3.0,26.4,46.7,19.4,39.4,208,0.49,2.4,5.9,0.94,2.3,70.1,0.47,2.3,5.7,0.69,1.7,50.9,53.3,57.5,53.2,46,67.4,67.0,9.3,3.7,9.3,60.0,74.7,55.6,61.3,85.4,35.4,8.8,3.6,26.0,50.5,19.2,37.7,276,0.51,2.5,6.0,0.93,2.3,65.0,0.42,2.0,4.9,0.71,1.7,51.2,60.0,59.8,52.4
Hard,Arthur Fils,Marcos Giron,1,37,59.5,67.2,10.2,4.3,10.9,60.7,78.3,49.9,56.0,85.1,35.6,9.0,3.1,27.0,50.0,18.4,34.6,237,0.53,2.5,6.4,0.86,2.2,64.4,0.42,2.0,5.1,0.71,1.8,51.0,56.5,55.8,51.8,30,50.0,64.6,6.2,2.0,5.3,61.2,73.0,51.2,54.1,80.6,36.7,9.2,3.2,28.6,49.7,20.6,39.3,183,0.52,2.5,6.1,1.0,2.4,58.2,0.46,2.2,5.3,0.92,2.2,50.3,61.5,54.2,50.2
Hard,Daniil Medvedev,Tommy Paul,1,41,70.7,63.5,8.2,6.0,15.1,60.3,73.2,48.7,57.4,79.5,40.6,5.7,3.3,32.9,53.6,29.9,42.6,376,0.7,3.4,9.2,1.43,3.9,61.7,0.54,2.5,6.9,0.96,2.6,51.9,73.3,65.2,54.5,38,65.8,64.7,7.5,2.3,5.9,60.1,71.9,53.8,57.2,82.0,40.5,5.4,2.9,33.2,52.0,27.7,40.7,305,0.68,3.1,8.0,1.28,3.3,65.7,0.52,2.4,6.2,0.84,2.1,52.5,53.3,64.9,54.9
Hard,Brandon Nakashima,Ben Shelton,0,30,53.3,68.1,12.1,1.4,4.3,66.5,74.4,55.7,58.2,87.3,32.9,10.3,3.6,24.3,47.1,15.7,36.3,157,0.43,2.1,5.2,0.76,1.9,68.1,0.4,1.9,4.8,0.61,1.5,50.4,50.0,54.7,51.5,47,61.7,69.7,11.6,3.3,11.0,69.6,76.0,55.2,62.0,89.2,32.1,7.3,3.4,24.2,45.3,14.8,35.8,257,0.41,2.1,5.5,0.77,2.0,73.2,0.4,2.1,5.4,0.57,1.4,51.0,54.1,59.2,52.2
Hard,Alex De Minaur,Francisco Cerundolo,0,45,66.7,64.8,7.0,3.5,7.7,54.4,73.5,54.3,58.9,82.4,40.4,6.8,3.4,30.5,55.0,27.6,45.2,334,0.61,2.8,7.4,1.28,3.4,62.2,0.46,2.1,5.6,0.81,2.1,52.2,63.6,62.7,54.8,29,48.3,62.4,5.3,4.3,10.9,60.5,70.1,50.6,56.8,78.8,36.2,7.4,3.3,27.1,51.0,21.2,42.6,176,0.5,2.4,6.1,1.03,2.6,62.9,0.57,2.8,7.1,1.04,2.6,49.6,47.4,49.3,50.2
Hard,Taylor Fritz,Jack Draper,0,42,66.7,68.6,12.5,2.7,7.0,61.5,76.9,55.3,59.5,88.0,36.3,8.0,4.2,26.9,50.7,21.0,39.1,289,0.54,2.6,6.9,1.01,2.7,69.9,0.4,2.0,5.2,0.59,1.6,52.3,64.7,64.3,54.8,39,66.7,65.8,10.4,4.3,10.2,57.9,76.9,50.4,56.1,83.9,39.5,7.8,4.0,31.8,51.0,27.4,46.1,284,0.59,2.8,7.3,1.3,3.4,65.0,0.46,2.2,5.6,0.76,2.0,52.5,50.0,64.4,55.7
Hard,Grigor Dimitrov,Carlos Alcaraz,0,46,73.9,69.6,11.6,4.6,12.2,62.1,80.5,51.6,58.8,87.5,36.9,9.8,3.4,27.7,51.9,20.6,35.9,329,0.57,2.7,7.2,0.98,2.6,68.1,0.39,1.9,5.0,0.61,1.6,52.7,76.0,66.7,54.4,37,78.4,70.5,7.5,2.4,6.6,64.5,76.6,59.4,63.6,89.0,40.6,6.0,3.3,33.7,53.0,27.8,40.2,286,0.69,3.2,7.7,1.29,3.1,64.1,0.31,1.4,3.5,0.52,1.2,54.4,53.3,73.0,58.5
Hard,Holger Rune,Tallon Griekspoor,1,46,67.4,67.0,9.3,3.7,9.3,60.0,74.7,55.6,61.3,85.4,35.4,8.8,3.6,26.0,50.5,19.2,37.7,276,0.51,2.5,6.0,0.93,2.3,65.0,0.42,2.0,4.9,0.71,1.7,51.2,60.0,59.8,52.4,40,52.5,68.0,12.5,3.7,11.0,65.8,76.6,51.4,57.8,86.0,31.0,11.5,3.2,23.6,44.3,13.5,38.1,181,0.35,1.8,4.5,0.68,1.7,63.4,0.38,1.9,4.9,0.7,1.8,49.6,50.0,51.5,49.6
Hard,Daniil Medvedev,Arthur Fils,1,41,70.7,63.5,8.2,6.0,15.1,60.3,73.2,48.7,57.4,79.5,40.6,5.7,3.3,32.9,53.6,29.9,42.6,376,0.7,3.4,9.2,1.43,3.9,61.7,0.54,2.5,6.9,0.96,2.6,51.9,73.3,65.2,54.5,37,59.5,67.2,10.2,4.3,10.9,60.7,78.3,49.9,56.0,85.1,35.6,9.0,3.1,27.0,50.0,18.4,34.6,237,0.53,2.5,6.4,0.86,2.2,64.4,0.42,2.0,5.1,0.71,1.8,51.0,56.5,55.8,51.8
Hard,Jack Draper,Ben Shelton,1,39,66.7,65.8,10.4,4.3,10.2,57.9,76.9,50.4,56.1,83.9,39.5,7.8,4.0,31.8,51.0,27.4,46.1,284,0.59,2.8,7.3,1.3,3.4,65.0,0.46,2.2,5.6,0.76,2.0,52.5,50.0,64.4,55.7,47,61.7,69.7,11.6,3.3,11.0,69.6,76.0,55.2,62.0,89.2,32.1,7.3,3.4,24.2,45.3,14.8,35.8,257,0.41,2.1,5.5,0.77,2.0,73.2,0.4,2.1,5.4,0.57,1.4,51.0,54.1,59.2,52.2
Hard,Carlos Alcaraz,Francisco Cerundolo,1,37,78.4,70.5,7.5,2.4,6.6,64.5,76.6,59.4,63.6,89.0,40.6,6.0,3.3,33.7,53.0,27.8,40.2,286,0.69,3.2,7.7,1.29,3.1,64.1,0.31,1.4,3.5,0.52,1.2,54.4,53.3,73.0,58.5,29,48.3,62.4,5.3,4.3,10.9,60.5,70.1,50.6,56.8,78.8,36.2,7.4,3.3,27.1,51.0,21.2,42.6,176,0.5,2.4,6.1,1.03,2.6,62.9,0.57,2.8,7.1,1.04,2.6,49.6,47.4,49.3,50.2
Hard,Holger Rune,Daniil Medvedev,1,46,67.4,67.0,9.3,3.7,9.3,60.0,74.7,55.6,61.3,85.4,35.4,8.8,3.6,26.0,50.5,19.2,37.7,276,0.51,2.5,6.0,0.93,2.3,65.0,0.42,2.0,4.9,0.71,1.7,51.2,60.0,59.8,52.4,41,70.7,63.5,8.2,6.0,15.1,60.3,73.2,48.7,57.4,79.5,40.6,5.7,3.3,32.9,53.6,29.9,42.6,376,0.7,3.4,9.2,1.43,3.9,61.7,0.54,2.5,6.9,0.96,2.6,51.9,73.3,65.2,54.5
Hard,Jack Draper,Carlos Alcaraz,1,39,66.7,65.8,10.4,4.3,10.2,57.9,76.9,50.4,56.1,83.9,39.5,7.8,4.0,31.8,51.0,27.4,46.1,284,0.59,2.8,7.3,1.3,3.4,65.0,0.46,2.2,5.6,0.76,2.0,52.5,50.0,64.4,55.7,37,78.4,70.5,7.5,2.4,6.6,64.5,76.6,59.4,63.6,89.0,40.6,6.0,3.3,33.7,53.0,27.8,40.2,286,0.69,3.2,7.7,1.29,3.1,64.1,0.31,1.4,3.5,0.52,1.2,54.4,53.3,73.0,58.5
Hard,Holger Rune,Jack Draper,0,46,67.4,67.0,9.3,3.7,9.3,60.0,74.7,55.6,61.3,85.4,35.4,8.8,3.6,26.0,50.5,19.2,37.7,276,0.51,2.5,6.0,0.93,2.3,65.0,0.42,2.0,4.9,0.71,1.7,51.2,60.0,59.8,52.4,39,66.7,65.8,10.4,4.3,10.2,57.9,76.9,50.4,56.1,83.9,39.5,7.8,4.0,31.8,51.0,27.4,46.1,284,0.59,2.8,7.3,1.3,3.4,65.0,0.46,2.2,5.6,0.76,2.0,52.5,50.0,64.4,55.7
Hard,Aleksandar Vukic,David Goffin,0,24,41.7,63.8,12.6,2.4,5.8,58.1,73.7,50.1,53.2,78.3,33.3,9.0,3.6,25.0,46.2,14.9,35.2,125,0.42,2.1,5.2,0.73,1.8,57.7,0.51,2.5,6.2,1.05,2.6,48.6,75.0,43.3,46.3,25,60.0,60.3,6.3,3.9,9.9,60.7,68.6,47.5,52.8,73.7,39.2,8.7,3.2,30.1,52.2,27.8,39.1,215,0.71,3.4,8.6,1.31,3.4,60.7,0.67,3.1,8.0,1.23,3.2,50.0,50.0,53.1,50.7
Hard,Sebastian Baez,Alexander Bublik,0,19,26.3,57.3,2.5,2.5,8.8,71.3,61.0,48.2,52.9,66.7,36.3,10.2,3.9,26.7,49.3,18.8,35.0,120,0.54,2.4,6.3,0.86,2.2,57.6,0.79,3.5,9.1,1.49,3.8,47.0,75.0,32.7,42.5,31,51.6,62.7,13.9,8.4,20.6,59.4,76.1,43.2,54.4,78.2,36.1,6.8,2.9,30.1,45.6,20.0,40.9,176,0.49,2.3,5.7,0.92,2.3,61.5,0.57,2.7,6.7,1.03,2.6,49.7,41.7,47.4,49.4
Hard,Rinky Hijikata,Hamad Medjedovic,1,23,47.8,60.1,6.1,3.9,9.1,57.5,68.7,48.5,53.3,73.1,36.8,10.2,3.2,29.2,49.6,20.7,38.3,154,0.54,2.6,6.7,1.0,2.6,61.5,0.7,3.3,8.3,1.25,3.2,48.4,63.6,44.1,46.4,6,66.7,69.5,12.6,3.8,12.5,69.7,75.6,55.6,63.5,87.5,34.1,14.9,4.3,27.6,46.6,14.8,34.3,35,0.43,2.1,5.8,0.71,2.0,70.6,0.43,2.0,5.7,0.59,1.7,51.2,100.0,58.8,50.9
Hard,Gael Monfils,Fabian Marozsan,1,30,56.7,65.3,10.8,5.3,13.3,59.8,74.4,51.6,59.5,82.9,36.4,4.5,3.0,31.0,45.7,20.9,38.2,212,0.55,2.7,7.1,1.01,2.7,65.5,0.49,2.4,6.5,0.84,2.2,50.9,61.1,55.0,52.1,33,51.5,62.1,5.8,3.4,9.9,65.8,69.3,48.4,53.7,75.9,37.3,9.6,4.1,28.1,51.9,23.2,41.0,222,0.57,2.7,6.7,1.1,2.8,58.1,0.57,2.8,6.9,1.16,2.9,50.0,46.7,49.4,49.8
Hard,Roberto Carballes Baena,Christopher Oconnell,1,22,45.5,63.2,5.4,3.3,8.8,62.6,70.7,50.6,55.5,77.6,37.2,7.2,3.2,28.0,51.6,19.6,34.0,150,0.58,2.7,6.8,0.93,2.3,60.9,0.57,2.7,6.9,1.07,2.7,50.1,50.0,45.5,48.8,34,50.0,64.9,10.5,2.5,6.0,58.5,75.3,50.2,53.4,83.2,34.2,11.4,3.7,25.2,49.6,17.0,36.3,190,0.47,2.3,5.6,0.83,2.0,67.1,0.51,2.5,6.1,0.82,2.0,49.9,46.7,50.6,50.1
Hard,Miomir Kecmanovic,Aleksandar Kovacevic,1,34,44.1,63.5,5.4,2.9,7.4,60.8,70.0,53.4,57.6,78.5,36.0,9.7,3.5,26.1,51.7,19.5,37.0,230,0.53,2.5,6.8,0.93,2.5,53.9,0.47,2.2,6.0,1.03,2.8,49.5,33.3,45.1,49.1,22,31.8,64.6,13.0,4.9,11.8,58.7,76.0,48.4,54.8,82.0,31.8,12.7,2.9,24.0,43.6,13.6,34.2,114,0.4,2.0,5.2,0.68,1.8,69.1,0.58,2.9,7.5,0.89,2.3,48.5,28.6,35.1,47.7
Hard,Arthur Rinderknech,Jaume Munar,0,27,51.9,66.4,13.6,2.6,7.1,64.2,75.8,49.5,53.3,83.0,32.9,9.7,3.3,24.2,46.6,15.8,32.3,167,0.49,2.4,6.2,0.78,2.0,64.6,0.48,2.3,6.0,0.83,2.1,49.5,56.3,49.3,49.1,11,18.2,59.9,4.7,4.4,12.2,63.9,68.7,44.3,50.5,73.2,39.3,7.1,3.4,30.6,52.5,24.0,40.2,87,0.6,2.8,7.9,1.13,3.2,59.6,0.66,3.2,9.0,1.29,3.6,49.4,0.0,35.5,48.8
Hard,Zizou Bergs,Nuno Borges,1,23,56.5,65.2,9.2,3.9,10.0,60.7,73.5,52.4,58.3,81.8,36.3,5.8,3.6,28.1,49.3,18.6,34.5,165,0.54,2.6,7.2,0.9,2.5,62.3,0.48,2.3,6.3,0.87,2.4,50.4,50.0,54.0,50.0,29,44.8,62.7,8.0,4.0,10.1,60.9,71.4,49.1,54.6,75.7,37.2,7.8,4.4,26.4,53.9,19.9,36.0,203,0.55,2.7,7.0,0.96,2.5,56.7,0.56,2.7,7.0,1.16,3.0,49.7,52.9,46.1,47.6
Hard,Jacob Fearnley,Benjamin Bonzi,1,2,50.0,56.9,3.3,7.2,16.2,55.6,67.1,44.1,52.6,71.4,38.6,9.1,3.0,30.6,53.2,30.0,42.9,14,0.7,3.5,7.0,1.5,3.0,64.7,0.81,4.3,8.5,1.5,3.0,48.4,50.0,50.0,51.2,10,50.0,64.7,8.2,2.0,5.7,63.9,71.7,52.1,55.3,77.9,36.7,8.0,2.8,31.1,46.9,20.3,37.9,66,0.54,2.8,6.6,1.04,2.5,66.3,0.66,3.3,8.0,1.13,2.7,50.3,57.1,50.0,49.0
Hard,Hugo Gaston,Yoshihito Nishioka,1,15,40.0,58.5,4.0,3.0,7.4,59.4,65.6,48.0,51.9,69.0,34.6,9.1,3.3,28.1,45.3,17.7,34.7,95,0.51,2.4,6.3,0.83,2.2,55.1,0.69,3.2,8.5,1.43,3.8,46.8,66.7,35.0,43.2,24,54.2,63.1,3.4,1.6,4.2,62.9,68.6,53.8,56.1,79.0,36.1,13.5,3.8,26.3,51.9,21.0,39.2,143,0.54,2.3,6.0,0.92,2.3,58.6,0.51,2.2,5.5,0.9,2.3,49.6,66.7,55.7,49.7
Hard,Luciano Darderi,Pedro Martinez,1,14,14.3,60.1,8.0,3.9,9.2,57.6,69.4,47.4,52.2,74.1,30.9,14.4,4.0,22.2,45.7,10.7,27.4,62,0.39,1.9,4.4,0.53,1.2,57.3,0.61,3.0,6.9,1.28,2.9,46.1,55.6,21.9,42.3,15,26.7,58.8,5.0,5.6,15.9,64.7,65.3,46.9,55.7,69.2,35.9,12.4,3.6,24.5,53.7,19.4,40.7,81,0.48,2.3,5.4,0.92,2.2,50.5,0.62,2.9,7.0,1.44,3.5,47.5,33.3,30.6,44.2
Hard,Cameron Norrie,Bu Yunchaokete,0,18,61.1,66.2,7.5,2.3,6.5,64.8,72.4,55.0,58.8,84.8,35.9,10.9,3.3,28.6,48.8,21.5,36.2,152,0.59,2.9,8.4,1.06,3.1,65.5,0.44,2.2,6.4,0.77,2.2,51.2,23.1,53.8,53.6,15,60.0,66.3,9.4,2.3,5.4,57.8,74.5,55.2,58.3,82.6,35.5,10.9,2.9,29.4,46.1,20.8,40.2,92,0.52,2.6,6.1,1.06,2.5,61.3,0.45,2.3,5.3,0.89,2.1,50.8,50.0,57.1,51.7
Hard,Marcos Giron,Jordan Thompson,0,30,50.0,64.6,6.2,2.0,5.3,61.2,73.0,51.2,54.1,80.6,36.7,9.2,3.2,28.6,49.7,20.6,39.3,183,0.52,2.5,6.1,1.0,2.4,58.2,0.46,2.2,5.3,0.92,2.2,50.3,61.5,54.2,50.2,44,63.6,66.0,10.1,1.4,3.5,59.7,74.3,53.7,55.7,81.9,37.5,6.6,4.4,30.1,49.4,21.9,39.1,297,0.56,2.7,6.8,1.05,2.6,64.3,0.51,2.4,6.1,0.87,2.2,51.4,75.0,60.9,51.9
Hard,Alejandro Davidovich Fokina,Jan Lennard Struff,1,32,50.0,63.4,6.6,3.1,9.4,66.9,69.4,51.5,56.8,80.0,37.2,9.8,3.8,27.8,50.6,22.4,41.3,213,0.54,2.7,6.7,1.1,2.8,63.6,0.55,2.7,6.8,0.99,2.5,50.3,33.3,50.0,51.3,23,39.1,64.6,10.8,4.4,10.9,59.3,76.3,47.7,53.5,82.4,34.8,12.8,4.5,25.4,48.8,14.8,31.3,160,0.47,2.4,7.0,0.76,2.2,67.9,0.55,2.8,8.0,0.89,2.6,49.6,54.5,43.9,48.4
Hard,Gabriel Diallo,Tomas Martin Etcheverry,1,14,57.1,62.6,10.5,3.0,9.4,68.6,70.2,46.2,51.0,80.5,37.3,5.4,3.5,32.4,45.6,21.8,35.3,116,0.62,3.1,8.3,1.11,2.9,59.8,0.48,2.5,6.6,1.0,2.6,50.1,37.5,54.1,51.3,26,46.2,64.7,9.5,2.1,6.2,65.4,73.6,47.9,51.1,83.0,34.8,9.3,3.7,23.9,51.7,17.8,34.6,185,0.51,2.6,7.1,0.91,2.5,65.7,0.5,2.5,6.8,0.87,2.3,49.9,45.0,50.0,50.3
Hard,Lorenzo Sonego,Mariano Navone,1,29,37.9,66.1,9.6,2.3,7.0,67.4,73.8,50.1,53.9,83.7,32.1,4.7,2.9,26.7,41.6,12.8,32.2,143,0.4,2.0,4.9,0.65,1.6,62.6,0.44,2.2,5.3,0.82,2.0,49.0,50.0,40.8,48.2,13,23.1,60.1,5.4,3.7,8.5,56.9,68.5,49.0,53.5,71.7,34.4,6.9,3.9,26.1,47.9,15.6,34.8,69,0.45,2.2,5.3,0.75,1.8,61.3,0.73,3.5,8.5,1.34,3.3,47.4,40.0,28.1,43.5
Hard,Learner Tien,Joao Fonseca,0,10,60.0,61.8,4.3,2.1,6.6,67.5,65.7,53.9,57.7,75.4,35.5,9.7,2.0,26.4,52.6,21.0,38.8,67,0.54,1.9,6.7,0.72,2.6,64.8,0.7,2.4,8.8,0.86,3.1,48.8,62.5,50.0,48.4,8,87.5,73.0,9.8,1.1,3.7,70.5,77.9,61.3,63.7,91.3,35.4,11.2,4.8,27.3,51.5,22.3,29.2,72,0.77,2.6,9.0,0.75,2.6,65.2,0.25,0.8,2.9,0.29,1.0,53.3,50.0,67.9,56.5
Hard,Jakub Mensik,Roberto Bautista Agut,1,29,58.6,64.5,13.2,4.0,10.1,60.2,75.5,47.8,53.2,82.6,35.4,8.4,3.9,26.7,49.7,18.9,37.6,205,0.5,2.3,7.1,0.88,2.7,65.9,0.51,2.4,7.2,0.81,2.4,50.1,53.1,55.7,50.7,27,51.9,62.4,3.8,2.8,8.7,67.8,68.4,49.8,54.5,78.1,36.1,14.5,4.4,24.9,53.9,19.1,39.2,148,0.49,2.3,5.5,0.91,2.1,64.4,0.62,3.0,7.1,1.06,2.5,49.7,70.0,51.6,48.9
Hard,Casper Ruud,Miomir Kecmanovic,1,43,60.5,67.5,8.4,2.7,8.1,66.0,74.6,53.8,58.5,86.7,35.0,10.8,3.5,25.4,49.9,19.9,39.4,254,0.51,2.3,5.9,0.91,2.3,64.6,0.38,1.7,4.4,0.61,1.6,51.3,47.6,56.4,53.4,34,44.1,63.5,5.4,2.9,7.4,60.8,70.0,53.4,57.6,78.5,36.0,9.7,3.5,26.1,51.7,19.5,37.0,230,0.53,2.5,6.8,0.93,2.5,53.9,0.47,2.2,6.0,1.03,2.8,49.5,33.3,45.1,49.1
Hard,Lorenzo Musetti,Quentin Halys,1,33,48.5,62.8,4.6,2.5,6.8,63.3,69.2,51.7,55.5,75.4,36.4,8.6,4.0,26.4,52.4,19.8,32.5,255,0.61,2.9,7.7,0.95,2.5,54.8,0.55,2.6,7.0,1.2,3.2,49.3,55.6,47.1,47.6,12,41.7,65.3,15.5,4.0,9.9,59.3,77.7,47.2,52.3,84.0,31.9,8.4,3.4,23.9,44.0,12.2,37.5,48,0.32,1.6,4.0,0.6,1.5,72.4,0.58,2.9,7.3,0.8,2.0,49.4,50.0,40.0,48.3
Hard,Camilo Ugo Carabelli,Alex Michelsen,1,2,0.0,46.6,2.7,6.1,11.5,47.3,58.6,35.9,40.6,39.1,36.5,10.9,2.9,30.4,44.8,25.0,60.0,10,0.42,2.0,5.0,1.2,3.0,48.1,1.17,5.4,13.5,2.8,7.0,41.8,50.0,0.0,31.9,45,57.8,63.8,6.5,3.3,9.8,66.2,70.7,50.4,55.8,80.6,37.9,7.9,4.0,29.9,50.5,25.1,43.1,306,0.58,2.6,6.8,1.14,2.9,62.2,0.51,2.4,6.1,0.9,2.3,51.1,48.3,56.0,53.2
Hard,Daniil Medvedev,Jaume Munar,0,41,70.7,63.5,8.2,6.0,15.1,60.3,73.2,48.7,57.4,79.5,40.6,5.7,3.3,32.9,53.6,29.9,42.6,376,0.7,3.4,9.2,1.43,3.9,61.7,0.54,2.5,6.9,0.96,2.6,51.9,73.3,65.2,54.5,11,18.2,59.9,4.7,4.4,12.2,63.9,68.7,44.3,50.5,73.2,39.3,7.1,3.4,30.6,52.5,24.0,40.2,87,0.6,2.8,7.9,1.13,3.2,59.6,0.66,3.2,9.0,1.29,3.6,49.4,0.0,35.5,48.8
Hard,Jiri Lehecka,Gael Monfils,0,44,59.1,65.7,10.9,3.5,9.1,61.2,74.7,51.4,56.5,82.9,34.8,8.1,3.1,27.8,46.2,18.5,36.0,278,0.51,2.5,6.3,0.9,2.3,66.9,0.52,2.5,6.3,0.83,2.1,50.3,63.2,55.0,50.6,30,56.7,65.3,10.8,5.3,13.3,59.8,74.4,51.6,59.5,82.9,36.4,4.5,3.0,31.0,45.7,20.9,38.2,212,0.55,2.7,7.1,1.01,2.7,65.5,0.49,2.4,6.5,0.84,2.2,50.9,61.1,55.0,52.1
Hard,Novak Djokovic,Rinky Hijikata,1,21,76.2,68.9,9.8,3.7,9.7,61.7,77.2,55.5,61.4,87.9,39.9,9.5,3.1,29.7,56.7,25.9,37.7,183,0.69,3.1,8.7,1.15,3.3,66.7,0.36,1.7,4.7,0.55,1.6,54.0,63.6,70.0,57.3,23,47.8,60.1,6.1,3.9,9.1,57.5,68.7,48.5,53.3,73.1,36.8,10.2,3.2,29.2,49.6,20.7,38.3,154,0.54,2.6,6.7,1.0,2.6,61.5,0.7,3.3,8.3,1.25,3.2,48.4,63.6,44.1,46.4
Hard,Alejandro Tabilo,Corentin Moutet,1,29,48.3,65.6,11.9,3.6,9.9,63.6,75.2,48.8,54.2,82.6,35.0,12.1,4.5,26.1,50.2,17.7,38.1,168,0.47,2.3,5.8,0.86,2.2,63.2,0.47,2.3,5.9,0.85,2.2,50.4,38.9,48.6,50.3,11,27.3,57.9,2.4,3.0,8.4,64.9,64.9,44.9,49.1,67.5,37.0,4.8,3.3,31.4,47.0,22.0,38.4,73,0.57,2.8,6.6,1.08,2.5,55.1,0.72,3.4,8.1,1.54,3.6,47.4,37.5,30.8,44.4
Hard,Brandon Nakashima,Roberto Carballes Baena,1,30,53.3,68.1,12.1,1.4,4.3,66.5,74.4,55.7,58.2,87.3,32.9,10.3,3.6,24.3,47.1,15.7,36.3,157,0.43,2.1,5.2,0.76,1.9,68.1,0.4,1.9,4.8,0.61,1.5,50.4,50.0,54.7,51.5,22,45.5,63.2,5.4,3.3,8.8,62.6,70.7,50.6,55.5,77.6,37.2,7.2,3.2,28.0,51.6,19.6,34.0,150,0.58,2.7,6.8,0.93,2.3,60.9,0.57,2.7,6.9,1.07,2.7,50.1,50.0,45.5,48.8
Hard,Tommy Paul,Alexander Bublik,1,38,65.8,64.7,7.5,2.3,5.9,60.1,71.9,53.8,57.2,82.0,40.5,5.4,2.9,33.2,52.0,27.7,40.7,305,0.68,3.1,8.0,1.28,3.3,65.7,0.52,2.4,6.2,0.84,2.1,52.5,53.3,64.9,54.9,31,51.6,62.7,13.9,8.4,20.6,59.4,76.1,43.2,54.4,78.2,36.1,6.8,2.9,30.1,45.6,20.0,40.9,176,0.49,2.3,5.7,0.92,2.3,61.5,0.57,2.7,6.7,1.03,2.6,49.7,41.7,47.4,49.4
Hard,Francisco Cerundolo,Alexandre Muller,1,29,48.3,62.4,5.3,4.3,10.9,60.5,70.1,50.6,56.8,78.8,36.2,7.4,3.3,27.1,51.0,21.2,42.6,176,0.5,2.4,6.1,1.03,2.6,62.9,0.57,2.8,7.1,1.04,2.6,49.6,47.4,49.3,50.2,21,42.9,62.2,5.4,2.4,6.9,65.2,68.7,50.1,53.8,75.8,37.1,11.4,4.1,26.7,53.0,23.6,44.0,134,0.54,2.6,6.4,1.16,2.8,57.6,0.57,2.8,6.9,1.2,2.9,50.0,45.5,45.1,49.8
Hard,Carlos Alcaraz,David Goffin,0,37,78.4,70.5,7.5,2.4,6.6,64.5,76.6,59.4,63.6,89.0,40.6,6.0,3.3,33.7,53.0,27.8,40.2,286,0.69,3.2,7.7,1.29,3.1,64.1,0.31,1.4,3.5,0.52,1.2,54.4,53.3,73.0,58.5,25,60.0,60.3,6.3,3.9,9.9,60.7,68.6,47.5,52.8,73.7,39.2,8.7,3.2,30.1,52.2,27.8,39.1,215,0.71,3.4,8.6,1.31,3.4,60.7,0.67,3.1,8.0,1.23,3.2,50.0,50.0,53.1,50.7
Hard,Luciano Darderi,Adam Walton,0,14,14.3,60.1,8.0,3.9,9.2,57.6,69.4,47.4,52.2,74.1,30.9,14.4,4.0,22.2,45.7,10.7,27.4,62,0.39,1.9,4.4,0.53,1.2,57.3,0.61,3.0,6.9,1.28,2.9,46.1,55.6,21.9,42.3,9,11.1,65.5,8.3,2.8,8.1,65.5,74.6,48.3,52.5,82.0,30.6,14.3,2.8,22.4,44.6,9.6,22.0,50,0.44,2.3,5.6,0.5,1.2,62.3,0.48,2.4,5.9,0.91,2.2,47.6,0.0,18.2,45.3
Hard,Alexander Zverev,Jacob Fearnley,1,52,75.0,70.2,11.4,2.7,9.1,70.6,76.2,55.9,61.5,90.3,37.2,7.7,2.5,28.9,51.3,21.1,39.2,380,0.54,2.7,7.3,1.05,2.9,72.3,0.35,1.8,4.8,0.49,1.3,53.2,57.6,69.0,55.9,2,50.0,56.9,3.3,7.2,16.2,55.6,67.1,44.1,52.6,71.4,38.6,9.1,3.0,30.6,53.2,30.0,42.9,14,0.7,3.5,7.0,1.5,3.0,64.7,0.81,4.3,8.5,1.5,3.0,48.4,50.0,50.0,51.2
Hard,Taylor Fritz,Lorenzo Sonego,1,42,66.7,68.6,12.5,2.7,7.0,61.5,76.9,55.3,59.5,88.0,36.3,8.0,4.2,26.9,50.7,21.0,39.1,289,0.54,2.6,6.9,1.01,2.7,69.9,0.4,2.0,5.2,0.59,1.6,52.3,64.7,64.3,54.8,29,37.9,66.1,9.6,2.3,7.0,67.4,73.8,50.1,53.9,83.7,32.1,4.7,2.9,26.7,41.6,12.8,32.2,143,0.4,2.0,4.9,0.65,1.6,62.6,0.44,2.2,5.3,0.82,2.0,49.0,50.0,40.8,48.2
Hard,Tomas Machac,Matteo Arnaldi,1,39,59.0,65.1,7.3,3.6,9.3,61.4,73.4,51.9,57.2,82.8,36.0,9.5,3.3,27.5,48.9,21.5,41.8,239,0.51,2.5,6.1,1.04,2.6,64.3,0.48,2.3,5.7,0.83,2.1,50.7,57.9,60.4,52.2,33,54.5,62.3,8.5,3.7,8.4,56.4,72.0,49.8,54.4,78.0,36.5,5.2,2.9,29.8,47.5,21.1,38.6,233,0.55,2.7,7.1,1.03,2.7,58.5,0.53,2.6,6.9,1.09,2.9,49.6,61.1,54.0,49.7
Hard,Jack Draper,Jakub Mensik,0,39,66.7,65.8,10.4,4.3,10.2,57.9,76.9,50.4,56.1,83.9,39.5,7.8,4.0,31.8,51.0,27.4,46.1,284,0.59,2.8,7.3,1.3,3.4,65.0,0.46,2.2,5.6,0.76,2.0,52.5,50.0,64.4,55.7,29,58.6,64.5,13.2,4.0,10.1,60.2,75.5,47.8,53.2,82.6,35.4,8.4,3.9,26.7,49.7,18.9,37.6,205,0.5,2.3,7.1,0.88,2.7,65.9,0.51,2.4,7.2,0.81,2.4,50.1,53.1,55.7,50.7
Hard,Alexei Popyrin,Roman Safiullin,0,32,65.6,66.6,12.4,3.8,10.1,62.2,76.2,50.8,56.5,85.6,36.1,9.3,4.6,27.8,49.7,20.2,34.3,233,0.59,2.9,7.3,1.0,2.5,69.5,0.47,2.3,5.8,0.71,1.8,51.3,55.0,61.3,52.8,28,46.4,65.1,9.9,3.9,9.8,59.8,75.1,50.3,55.8,80.4,36.6,7.6,4.0,28.5,50.0,19.6,35.4,192,0.55,2.7,6.9,0.96,2.4,62.0,0.52,2.5,6.4,0.96,2.4,50.5,45.5,47.9,50.0
Hard,Holger Rune,Reilly Opelka,0,46,67.4,67.0,9.3,3.7,9.3,60.0,74.7,55.6,61.3,85.4,35.4,8.8,3.6,26.0,50.5,19.2,37.7,276,0.51,2.5,6.0,0.93,2.3,65.0,0.42,2.0,4.9,0.71,1.7,51.2,60.0,59.8,52.4,11,36.4,69.6,22.0,3.8,10.5,63.6,79.3,52.7,58.9,89.0,26.9,8.5,3.7,20.1,40.3,8.7,28.9,45,0.3,1.6,4.1,0.45,1.2,74.2,0.43,2.3,6.0,0.59,1.5,48.9,30.0,37.9,49.5
Hard,Joao Fonseca,Ugo Humbert,1,8,87.5,73.0,9.8,1.1,3.7,70.5,77.9,61.3,63.7,91.3,35.4,11.2,4.8,27.3,51.5,22.3,29.2,72,0.77,2.6,9.0,0.75,2.6,65.2,0.25,0.8,2.9,0.29,1.0,53.3,50.0,67.9,56.5,42,69.0,67.6,9.4,2.4,6.8,63.9,74.0,56.3,60.4,87.6,37.0,8.1,3.7,27.5,52.1,23.1,39.4,297,0.59,2.8,7.1,1.08,2.8,68.0,0.39,1.9,4.8,0.59,1.5,52.4,23.1,64.8,55.7
Hard,Zizou Bergs,Andrey Rublev,1,23,56.5,65.2,9.2,3.9,10.0,60.7,73.5,52.4,58.3,81.8,36.3,5.8,3.6,28.1,49.3,18.6,34.5,165,0.54,2.6,7.2,0.9,2.5,62.3,0.48,2.3,6.3,0.87,2.4,50.4,50.0,54.0,50.0,50,64.0,68.5,11.3,2.9,7.7,62.3,77.1,54.3,58.8,87.6,36.9,11.1,3.8,27.3,52.3,19.9,35.1,367,0.57,2.8,7.3,0.99,2.6,69.7,0.41,2.1,5.3,0.62,1.6,52.3,51.7,60.8,53.9
Hard,Hugo Gaston,Matteo Berrettini,0,15,40.0,58.5,4.0,3.0,7.4,59.4,65.6,48.0,51.9,69.0,34.6,9.1,3.3,28.1,45.3,17.7,34.7,95,0.51,2.4,6.3,0.83,2.2,55.1,0.69,3.2,8.5,1.43,3.8,46.8,66.7,35.0,43.2,19,57.9,67.1,13.0,1.7,4.8,65.5,76.7,48.8,51.3,86.5,34.3,6.5,2.5,27.8,44.7,18.4,38.9,108,0.47,2.3,5.7,0.91,2.2,69.0,0.44,2.2,5.3,0.67,1.6,50.7,50.0,58.7,52.5
Hard,Frances Tiafoe,Alejandro Davidovich Fokina,1,41,58.5,65.9,10.4,2.9,7.0,58.3,75.0,53.2,57.2,82.9,35.7,13.6,4.1,27.0,49.8,19.1,36.7,278,0.52,2.6,6.8,0.94,2.5,63.3,0.47,2.3,6.0,0.84,2.2,50.7,53.8,54.6,50.8,32,50.0,63.4,6.6,3.1,9.4,66.9,69.4,51.5,56.8,80.0,37.2,9.8,3.8,27.8,50.6,22.4,41.3,213,0.54,2.7,6.7,1.1,2.8,63.6,0.55,2.7,6.8,0.99,2.5,50.3,33.3,50.0,51.3
Hard,Alex De Minaur,Bu Yunchaokete,1,45,66.7,64.8,7.0,3.5,7.7,54.4,73.5,54.3,58.9,82.4,40.4,6.8,3.4,30.5,55.0,27.6,45.2,334,0.61,2.8,7.4,1.28,3.4,62.2,0.46,2.1,5.6,0.81,2.1,52.2,63.6,62.7,54.8,15,60.0,66.3,9.4,2.3,5.4,57.8,74.5,55.2,58.3,82.6,35.5,10.9,2.9,29.4,46.1,20.8,40.2,92,0.52,2.6,6.1,1.06,2.5,61.3,0.45,2.3,5.3,0.89,2.1,50.8,50.0,57.1,51.7
Hard,Arthur Fils,Gabriel Diallo,1,37,59.5,67.2,10.2,4.3,10.9,60.7,78.3,49.9,56.0,85.1,35.6,9.0,3.1,27.0,50.0,18.4,34.6,237,0.53,2.5,6.4,0.86,2.2,64.4,0.42,2.0,5.1,0.71,1.8,51.0,56.5,55.8,51.8,14,57.1,62.6,10.5,3.0,9.4,68.6,70.2,46.2,51.0,80.5,37.3,5.4,3.5,32.4,45.6,21.8,35.3,116,0.62,3.1,8.3,1.11,2.9,59.8,0.48,2.5,6.6,1.0,2.6,50.1,37.5,54.1,51.3
Hard,Grigor Dimitrov,Karen Khachanov,1,46,73.9,69.6,11.6,4.6,12.2,62.1,80.5,51.6,58.8,87.5,36.9,9.8,3.4,27.7,51.9,20.6,35.9,329,0.57,2.7,7.2,0.98,2.6,68.1,0.39,1.9,5.0,0.61,1.6,52.7,76.0,66.7,54.4,43,65.1,66.7,10.5,2.0,5.7,64.1,74.7,52.5,55.7,82.7,36.7,10.8,3.5,26.6,53.6,22.5,40.5,294,0.56,2.8,6.8,1.12,2.8,60.8,0.44,2.2,5.4,0.86,2.1,51.3,68.0,61.3,52.5
Hard,Lorenzo Musetti,Felix Auger Aliassime,1,33,48.5,62.8,4.6,2.5,6.8,63.3,69.2,51.7,55.5,75.4,36.4,8.6,4.0,26.4,52.4,19.8,32.5,255,0.61,2.9,7.7,0.95,2.5,54.8,0.55,2.6,7.0,1.2,3.2,49.3,55.6,47.1,47.6,30,50.0,65.3,11.7,6.0,16.0,62.1,74.1,50.9,60.6,82.7,36.6,7.3,4.1,29.5,48.5,19.9,39.3,183,0.51,2.4,6.1,0.96,2.4,62.3,0.46,2.2,5.6,0.84,2.1,50.7,33.3,50.7,51.4
Hard,Sebastian Korda,Stefanos Tsitsipas,1,30,63.3,65.3,11.9,2.7,6.7,60.0,74.7,51.2,54.8,81.6,37.7,8.2,4.5,28.3,53.1,23.8,41.2,199,0.58,2.7,6.6,1.11,2.7,60.7,0.47,2.2,5.4,0.86,2.1,51.1,42.9,56.8,52.7,35,60.0,66.1,9.9,3.7,8.9,58.2,75.4,53.1,58.2,86.1,34.5,7.7,3.0,26.4,46.7,19.4,39.4,208,0.49,2.4,5.9,0.94,2.3,70.1,0.47,2.3,5.7,0.69,1.7,50.9,53.3,57.5,53.2
Hard,David Goffin,Brandon Nakashima,0,25,60.0,60.3,6.3,3.9,9.9,60.7,68.6,47.5,52.8,73.7,39.2,8.7,3.2,30.1,52.2,27.8,39.1,215,0.71,3.4,8.6,1.31,3.4,60.7,0.67,3.1,8.0,1.23,3.2,50.0,50.0,53.1,50.7,30,53.3,68.1,12.1,1.4,4.3,66.5,74.4,55.7,58.2,87.3,32.9,10.3,3.6,24.3,47.1,15.7,36.3,157,0.43,2.1,5.2,0.76,1.9,68.1,0.4,1.9,4.8,0.61,1.5,50.4,50.0,54.7,51.5
Hard,Novak Djokovic,Camilo Ugo Carabelli,1,21,76.2,68.9,9.8,3.7,9.7,61.7,77.2,55.5,61.4,87.9,39.9,9.5,3.1,29.7,56.7,25.9,37.7,183,0.69,3.1,8.7,1.15,3.3,66.7,0.36,1.7,4.7,0.55,1.6,54.0,63.6,70.0,57.3,2,0.0,46.6,2.7,6.1,11.5,47.3,58.6,35.9,40.6,39.1,36.5,10.9,2.9,30.4,44.8,25.0,60.0,10,0.42,2.0,5.0,1.2,3.0,48.1,1.17,5.4,13.5,2.8,7.0,41.8,50.0,0.0,31.9
Hard,Gael Monfils,Jaume Munar,1,30,56.7,65.3,10.8,5.3,13.3,59.8,74.4,51.6,59.5,82.9,36.4,4.5,3.0,31.0,45.7,20.9,38.2,212,0.55,2.7,7.1,1.01,2.7,65.5,0.49,2.4,6.5,0.84,2.2,50.9,61.1,55.0,52.1,11,18.2,59.9,4.7,4.4,12.2,63.9,68.7,44.3,50.5,73.2,39.3,7.1,3.4,30.6,52.5,24.0,40.2,87,0.6,2.8,7.9,1.13,3.2,59.6,0.66,3.2,9.0,1.29,3.6,49.4,0.0,35.5,48.8
Hard,Casper Ruud,Alejandro Tabilo,1,43,60.5,67.5,8.4,2.7,8.1,66.0,74.6,53.8,58.5,86.7,35.0,10.8,3.5,25.4,49.9,19.9,39.4,254,0.51,2.3,5.9,0.91,2.3,64.6,0.38,1.7,4.4,0.61,1.6,51.3,47.6,56.4,53.4,29,48.3,65.6,11.9,3.6,9.9,63.6,75.2,48.8,54.2,82.6,35.0,12.1,4.5,26.1,50.2,17.7,38.1,168,0.47,2.3,5.8,0.86,2.2,63.2,0.47,2.3,5.9,0.85,2.2,50.4,38.9,48.6,50.3
Hard,Tommy Paul,Francisco Cerundolo,0,38,65.8,64.7,7.5,2.3,5.9,60.1,71.9,53.8,57.2,82.0,40.5,5.4,2.9,33.2,52.0,27.7,40.7,305,0.68,3.1,8.0,1.28,3.3,65.7,0.52,2.4,6.2,0.84,2.1,52.5,53.3,64.9,54.9,29,48.3,62.4,5.3,4.3,10.9,60.5,70.1,50.6,56.8,78.8,36.2,7.4,3.3,27.1,51.0,21.2,42.6,176,0.5,2.4,6.1,1.03,2.6,62.9,0.57,2.8,7.1,1.04,2.6,49.6,47.4,49.3,50.2
Hard,Reilly Opelka,Tomas Machac,0,11,36.4,69.6,22.0,3.8,10.5,63.6,79.3,52.7,58.9,89.0,26.9,8.5,3.7,20.1,40.3,8.7,28.9,45,0.3,1.6,4.1,0.45,1.2,74.2,0.43,2.3,6.0,0.59,1.5,48.9,30.0,37.9,49.5,39,59.0,65.1,7.3,3.6,9.3,61.4,73.4,51.9,57.2,82.8,36.0,9.5,3.3,27.5,48.9,21.5,41.8,239,0.51,2.5,6.1,1.04,2.6,64.3,0.48,2.3,5.7,0.83,2.1,50.7,57.9,60.4,52.2
Hard,Alexander Zverev,Jordan Thompson,1,52,75.0,70.2,11.4,2.7,9.1,70.6,76.2,55.9,61.5,90.3,37.2,7.7,2.5,28.9,51.3,21.1,39.2,380,0.54,2.7,7.3,1.05,2.9,72.3,0.35,1.8,4.8,0.49,1.3,53.2,57.6,69.0,55.9,44,63.6,66.0,10.1,1.4,3.5,59.7,74.3,53.7,55.7,81.9,37.5,6.6,4.4,30.1,49.4,21.9,39.1,297,0.56,2.7,6.8,1.05,2.6,64.3,0.51,2.4,6.1,0.87,2.2,51.4,75.0,60.9,51.9
Hard,Taylor Fritz,Denis Shapovalov,1,42,66.7,68.6,12.5,2.7,7.0,61.5,76.9,55.3,59.5,88.0,36.3,8.0,4.2,26.9,50.7,21.0,39.1,289,0.54,2.6,6.9,1.01,2.7,69.9,0.4,2.0,5.2,0.59,1.6,52.3,64.7,64.3,54.8,33,54.5,67.5,12.4,7.5,19.3,61.0,78.6,50.2,62.2,86.7,37.7,5.5,3.8,31.5,49.1,22.4,37.6,229,0.6,3.0,6.9,1.12,2.6,65.3,0.38,1.9,4.5,0.66,1.5,52.1,33.3,55.8,54.6
Hard,Jakub Mensik,Roman Safiullin,1,29,58.6,64.5,13.2,4.0,10.1,60.2,75.5,47.8,53.2,82.6,35.4,8.4,3.9,26.7,49.7,18.9,37.6,205,0.5,2.3,7.1,0.88,2.7,65.9,0.51,2.4,7.2,0.81,2.4,50.1,53.1,55.7,50.7,28,46.4,65.1,9.9,3.9,9.8,59.8,75.1,50.3,55.8,80.4,36.6,7.6,4.0,28.5,50.0,19.6,35.4,192,0.55,2.7,6.9,0.96,2.4,62.0,0.52,2.5,6.4,0.96,2.4,50.5,45.5,47.9,50.0
Hard,Arthur Fils,Frances Tiafoe,1,37,59.5,67.2,10.2,4.3,10.9,60.7,78.3,49.9,56.0,85.1,35.6,9.0,3.1,27.0,50.0,18.4,34.6,237,0.53,2.5,6.4,0.86,2.2,64.4,0.42,2.0,5.1,0.71,1.8,51.0,56.5,55.8,51.8,41,58.5,65.9,10.4,2.9,7.0,58.3,75.0,53.2,57.2,82.9,35.7,13.6,4.1,27.0,49.8,19.1,36.7,278,0.52,2.6,6.8,0.94,2.5,63.3,0.47,2.3,6.0,0.84,2.2,50.7,53.8,54.6,50.8
Hard,Matteo Berrettini,Zizou Bergs,1,19,57.9,67.1,13.0,1.7,4.8,65.5,76.7,48.8,51.3,86.5,34.3,6.5,2.5,27.8,44.7,18.4,38.9,108,0.47,2.3,5.7,0.91,2.2,69.0,0.44,2.2,5.3,0.67,1.6,50.7,50.0,58.7,52.5,23,56.5,65.2,9.2,3.9,10.0,60.7,73.5,52.4,58.3,81.8,36.3,5.8,3.6,28.1,49.3,18.6,34.5,165,0.54,2.6,7.2,0.9,2.5,62.3,0.48,2.3,6.3,0.87,2.4,50.4,50.0,54.0,50.0
Hard,Alex De Minaur,Joao Fonseca,1,45,66.7,64.8,7.0,3.5,7.7,54.4,73.5,54.3,58.9,82.4,40.4,6.8,3.4,30.5,55.0,27.6,45.2,334,0.61,2.8,7.4,1.28,3.4,62.2,0.46,2.1,5.6,0.81,2.1,52.2,63.6,62.7,54.8,8,87.5,73.0,9.8,1.1,3.7,70.5,77.9,61.3,63.7,91.3,35.4,11.2,4.8,27.3,51.5,22.3,29.2,72,0.77,2.6,9.0,0.75,2.6,65.2,0.25,0.8,2.9,0.29,1.0,53.3,50.0,67.9,56.5
Hard,Grigor Dimitrov,Brandon Nakashima,1,46,73.9,69.6,11.6,4.6,12.2,62.1,80.5,51.6,58.8,87.5,36.9,9.8,3.4,27.7,51.9,20.6,35.9,329,0.57,2.7,7.2,0.98,2.6,68.1,0.39,1.9,5.0,0.61,1.6,52.7,76.0,66.7,54.4,30,53.3,68.1,12.1,1.4,4.3,66.5,74.4,55.7,58.2,87.3,32.9,10.3,3.6,24.3,47.1,15.7,36.3,157,0.43,2.1,5.2,0.76,1.9,68.1,0.4,1.9,4.8,0.61,1.5,50.4,50.0,54.7,51.5
Hard,Sebastian Korda,Gael Monfils,1,30,63.3,65.3,11.9,2.7,6.7,60.0,74.7,51.2,54.8,81.6,37.7,8.2,4.5,28.3,53.1,23.8,41.2,199,0.58,2.7,6.6,1.11,2.7,60.7,0.47,2.2,5.4,0.86,2.1,51.1,42.9,56.8,52.7,30,56.7,65.3,10.8,5.3,13.3,59.8,74.4,51.6,59.5,82.9,36.4,4.5,3.0,31.0,45.7,20.9,38.2,212,0.55,2.7,7.1,1.01,2.7,65.5,0.49,2.4,6.5,0.84,2.2,50.9,61.1,55.0,52.1
Hard,Casper Ruud,Francisco Cerundolo,0,43,60.5,67.5,8.4,2.7,8.1,66.0,74.6,53.8,58.5,86.7,35.0,10.8,3.5,25.4,49.9,19.9,39.4,254,0.51,2.3,5.9,0.91,2.3,64.6,0.38,1.7,4.4,0.61,1.6,51.3,47.6,56.4,53.4,29,48.3,62.4,5.3,4.3,10.9,60.5,70.1,50.6,56.8,78.8,36.2,7.4,3.3,27.1,51.0,21.2,42.6,176,0.5,2.4,6.1,1.03,2.6,62.9,0.57,2.8,7.1,1.04,2.6,49.6,47.4,49.3,50.2
Hard,Novak Djokovic,Lorenzo Musetti,1,21,76.2,68.9,9.8,3.7,9.7,61.7,77.2,55.5,61.4,87.9,39.9,9.5,3.1,29.7,56.7,25.9,37.7,183,0.69,3.1,8.7,1.15,3.3,66.7,0.36,1.7,4.7,0.55,1.6,54.0,63.6,70.0,57.3,33,48.5,62.8,4.6,2.5,6.8,63.3,69.2,51.7,55.5,75.4,36.4,8.6,4.0,26.4,52.4,19.8,32.5,255,0.61,2.9,7.7,0.95,2.5,54.8,0.55,2.6,7.0,1.2,3.2,49.3,55.6,47.1,47.6
Hard,Matteo Berrettini,Alex De Minaur,1,19,57.9,67.1,13.0,1.7,4.8,65.5,76.7,48.8,51.3,86.5,34.3,6.5,2.5,27.8,44.7,18.4,38.9,108,0.47,2.3,5.7,0.91,2.2,69.0,0.44,2.2,5.3,0.67,1.6,50.7,50.0,58.7,52.5,45,66.7,64.8,7.0,3.5,7.7,54.4,73.5,54.3,58.9,82.4,40.4,6.8,3.4,30.5,55.0,27.6,45.2,334,0.61,2.8,7.4,1.28,3.4,62.2,0.46,2.1,5.6,0.81,2.1,52.2,63.6,62.7,54.8
Hard,Jakub Mensik,Tomas Machac,1,29,58.6,64.5,13.2,4.0,10.1,60.2,75.5,47.8,53.2,82.6,35.4,8.4,3.9,26.7,49.7,18.9,37.6,205,0.5,2.3,7.1,0.88,2.7,65.9,0.51,2.4,7.2,0.81,2.4,50.1,53.1,55.7,50.7,39,59.0,65.1,7.3,3.6,9.3,61.4,73.4,51.9,57.2,82.8,36.0,9.5,3.3,27.5,48.9,21.5,41.8,239,0.51,2.5,6.1,1.04,2.6,64.3,0.48,2.3,5.7,0.83,2.1,50.7,57.9,60.4,52.2
Hard,Adam Walton,Taylor Fritz,0,9,11.1,65.5,8.3,2.8,8.1,65.5,74.6,48.3,52.5,82.0,30.6,14.3,2.8,22.4,44.6,9.6,22.0,50,0.44,2.3,5.6,0.5,1.2,62.3,0.48,2.4,5.9,0.91,2.2,47.6,0.0,18.2,45.3,42,66.7,68.6,12.5,2.7,7.0,61.5,76.9,55.3,59.5,88.0,36.3,8.0,4.2,26.9,50.7,21.0,39.1,289,0.54,2.6,6.9,1.01,2.7,69.9,0.4,2.0,5.2,0.59,1.6,52.3,64.7,64.3,54.8
Hard,Alexander Zverev,Arthur Fils,0,52,75.0,70.2,11.4,2.7,9.1,70.6,76.2,55.9,61.5,90.3,37.2,7.7,2.5,28.9,51.3,21.1,39.2,380,0.54,2.7,7.3,1.05,2.9,72.3,0.35,1.8,4.8,0.49,1.3,53.2,57.6,69.0,55.9,37,59.5,67.2,10.2,4.3,10.9,60.7,78.3,49.9,56.0,85.1,35.6,9.0,3.1,27.0,50.0,18.4,34.6,237,0.53,2.5,6.4,0.86,2.2,64.4,0.42,2.0,5.1,0.71,1.8,51.0,56.5,55.8,51.8
Hard,Grigor Dimitrov,Francisco Cerundolo,1,46,73.9,69.6,11.6,4.6,12.2,62.1,80.5,51.6,58.8,87.5,36.9,9.8,3.4,27.7,51.9,20.6,35.9,329,0.57,2.7,7.2,0.98,2.6,68.1,0.39,1.9,5.0,0.61,1.6,52.7,76.0,66.7,54.4,29,48.3,62.4,5.3,4.3,10.9,60.5,70.1,50.6,56.8,78.8,36.2,7.4,3.3,27.1,51.0,21.2,42.6,176,0.5,2.4,6.1,1.03,2.6,62.9,0.57,2.8,7.1,1.04,2.6,49.6,47.4,49.3,50.2
Hard,Jakub Mensik,Arthur Fils,1,29,58.6,64.5,13.2,4.0,10.1,60.2,75.5,47.8,53.2,82.6,35.4,8.4,3.9,26.7,49.7,18.9,37.6,205,0.5,2.3,7.1,0.88,2.7,65.9,0.51,2.4,7.2,0.81,2.4,50.1,53.1,55.7,50.7,37,59.5,67.2,10.2,4.3,10.9,60.7,78.3,49.9,56.0,85.1,35.6,9.0,3.1,27.0,50.0,18.4,34.6,237,0.53,2.5,6.4,0.86,2.2,64.4,0.42,2.0,5.1,0.71,1.8,51.0,56.5,55.8,51.8
Hard,Novak Djokovic,Sebastian Korda,1,21,76.2,68.9,9.8,3.7,9.7,61.7,77.2,55.5,61.4,87.9,39.9,9.5,3.1,29.7,56.7,25.9,37.7,183,0.69,3.1,8.7,1.15,3.3,66.7,0.36,1.7,4.7,0.55,1.6,54.0,63.6,70.0,57.3,30,63.3,65.3,11.9,2.7,6.7,60.0,74.7,51.2,54.8,81.6,37.7,8.2,4.5,28.3,53.1,23.8,41.2,199,0.58,2.7,6.6,1.11,2.7,60.7,0.47,2.2,5.4,0.86,2.1,51.1,42.9,56.8,52.7
Hard,Taylor Fritz,Matteo Berrettini,1,42,66.7,68.6,12.5,2.7,7.0,61.5,76.9,55.3,59.5,88.0,36.3,8.0,4.2,26.9,50.7,21.0,39.1,289,0.54,2.6,6.9,1.01,2.7,69.9,0.4,2.0,5.2,0.59,1.6,52.3,64.7,64.3,54.8,19,57.9,67.1,13.0,1.7,4.8,65.5,76.7,48.8,51.3,86.5,34.3,6.5,2.5,27.8,44.7,18.4,38.9,108,0.47,2.3,5.7,0.91,2.2,69.0,0.44,2.2,5.3,0.67,1.6,50.7,50.0,58.7,52.5
Hard,Novak Djokovic,Grigor Dimitrov,1,21,76.2,68.9,9.8,3.7,9.7,61.7,77.2,55.5,61.4,87.9,39.9,9.5,3.1,29.7,56.7,25.9,37.7,183,0.69,3.1,8.7,1.15,3.3,66.7,0.36,1.7,4.7,0.55,1.6,54.0,63.6,70.0,57.3,46,73.9,69.6,11.6,4.6,12.2,62.1,80.5,51.6,58.8,87.5,36.9,9.8,3.4,27.7,51.9,20.6,35.9,329,0.57,2.7,7.2,0.98,2.6,68.1,0.39,1.9,5.0,0.61,1.6,52.7,76.0,66.7,54.4
Hard,Jakub Mensik,Taylor Fritz,1,29,58.6,64.5,13.2,4.0,10.1,60.2,75.5,47.8,53.2,82.6,35.4,8.4,3.9,26.7,49.7,18.9,37.6,205,0.5,2.3,7.1,0.88,2.7,65.9,0.51,2.4,7.2,0.81,2.4,50.1,53.1,55.7,50.7,42,66.7,68.6,12.5,2.7,7.0,61.5,76.9,55.3,59.5,88.0,36.3,8.0,4.2,26.9,50.7,21.0,39.1,289,0.54,2.6,6.9,1.01,2.7,69.9,0.4,2.0,5.2,0.59,1.6,52.3,64.7,64.3,54.8
Hard,Novak Djokovic,Jakub Mensik,0,21,76.2,68.9,9.8,3.7,9.7,61.7,77.2,55.5,61.4,87.9,39.9,9.5,3.1,29.7,56.7,25.9,37.7,183,0.69,3.1,8.7,1.15,3.3,66.7,0.36,1.7,4.7,0.55,1.6,54.0,63.6,70.0,57.3,29,58.6,64.5,13.2,4.0,10.1,60.2,75.5,47.8,53.2,82.6,35.4,8.4,3.9,26.7,49.7,18.9,37.6,205,0.5,2.3,7.1,0.88,2.7,65.9,0.51,2.4,7.2,0.81,2.4,50.1,53.1,55.7,50.7
Hard,Roberto Carballes Baena,James Duckworth,1,22,45.5,63.2,5.4,3.3,8.8,62.6,70.7,50.6,55.5,77.6,37.2,7.2,3.2,28.0,51.6,19.6,34.0,150,0.58,2.7,6.8,0.93,2.3,60.9,0.57,2.7,6.9,1.07,2.7,50.1,50.0,45.5,48.8,16,31.3,65.5,9.8,3.3,8.3,60.5,74.1,52.4,57.1,80.7,30.5,14.1,2.7,21.7,44.5,10.7,33.3,63,0.32,1.5,3.9,0.51,1.3,60.8,0.49,2.4,6.1,0.93,2.4,48.1,75.0,39.0,45.8
Hard,Carlos Alcaraz,Jack Draper,1,37,78.4,70.5,7.5,2.4,6.6,64.5,76.6,59.4,63.6,89.0,40.6,6.0,3.3,33.7,53.0,27.8,40.2,286,0.69,3.2,7.7,1.29,3.1,64.1,0.31,1.4,3.5,0.52,1.2,54.4,53.3,73.0,58.5,39,66.7,65.8,10.4,4.3,10.2,57.9,76.9,50.4,56.1,83.9,39.5,7.8,4.0,31.8,51.0,27.4,46.1,284,0.59,2.8,7.3,1.3,3.4,65.0,0.46,2.2,5.6,0.76,2.0,52.5,50.0,64.4,55.7
Hard,Alexander Shevchenko,Corentin Moutet,1,32,46.9,61.4,7.6,3.7,9.1,59.7,70.2,48.4,53.2,75.4,36.0,8.4,3.2,28.0,50.2,19.1,39.0,187,0.49,2.3,5.8,0.89,2.3,57.8,0.58,2.7,7.0,1.15,2.9,48.9,68.8,45.1,47.2,11,27.3,57.9,2.4,3.0,8.4,64.9,64.9,44.9,49.1,67.5,37.0,4.8,3.3,31.4,47.0,22.0,38.4,73,0.57,2.8,6.6,1.08,2.5,55.1,0.72,3.4,8.1,1.54,3.6,47.4,37.5,30.8,44.4
Hard,Carlos Alcaraz,Novak Djokovic,0,37,78.4,70.5,7.5,2.4,6.6,64.5,76.6,59.4,63.6,89.0,40.6,6.0,3.3,33.7,53.0,27.8,40.2,286,0.69,3.2,7.7,1.29,3.1,64.1,0.31,1.4,3.5,0.52,1.2,54.4,53.3,73.0,58.5,21,76.2,68.9,9.8,3.7,9.7,61.7,77.2,55.5,61.4,87.9,39.9,9.5,3.1,29.7,56.7,25.9,37.7,183,0.69,3.1,8.7,1.15,3.3,66.7,0.36,1.7,4.7,0.55,1.6,54.0,63.6,70.0,57.3
Hard,Alexander Shevchenko,Ugo Humbert,0,32,46.9,61.4,7.6,3.7,9.1,59.7,70.2,48.4,53.2,75.4,36.0,8.4,3.2,28.0,50.2,19.1,39.0,187,0.49,2.3,5.8,0.89,2.3,57.8,0.58,2.7,7.0,1.15,2.9,48.9,68.8,45.1,47.2,42,69.0,67.6,9.4,2.4,6.8,63.9,74.0,56.3,60.4,87.6,37.0,8.1,3.7,27.5,52.1,23.1,39.4,297,0.59,2.8,7.1,1.08,2.8,68.0,0.39,1.9,4.8,0.59,1.5,52.4,23.1,64.8,55.7
Hard,Daniel Altmaier,Francisco Comesana,1,19,42.1,63.6,10.0,3.2,8.6,62.9,72.8,47.9,52.4,79.8,33.1,6.3,3.4,26.7,43.4,13.6,32.6,89,0.42,2.0,4.7,0.66,1.5,63.9,0.56,2.7,6.3,0.98,2.3,48.7,63.6,43.2,46.7,4,50.0,62.3,6.6,4.6,11.1,59.0,73.8,45.7,51.4,75.8,34.5,8.6,7.3,24.0,46.3,16.1,40.0,25,0.4,1.9,6.3,0.77,2.5,54.5,0.53,2.5,8.3,1.15,3.8,48.8,100.0,46.2,46.0
Hard,Roberto Bautista Agut,Denis Shapovalov,0,27,51.9,62.4,3.8,2.8,8.7,67.8,68.4,49.8,54.5,78.1,36.1,14.5,4.4,24.9,53.9,19.1,39.2,148,0.49,2.3,5.5,0.91,2.1,64.4,0.62,3.0,7.1,1.06,2.5,49.7,70.0,51.6,48.9,33,54.5,67.5,12.4,7.5,19.3,61.0,78.6,50.2,62.2,86.7,37.7,5.5,3.8,31.5,49.1,22.4,37.6,229,0.6,3.0,6.9,1.12,2.6,65.3,0.38,1.9,4.5,0.66,1.5,52.1,33.3,55.8,54.6
Hard,Zizou Bergs,Fabian Marozsan,0,23,56.5,65.2,9.2,3.9,10.0,60.7,73.5,52.4,58.3,81.8,36.3,5.8,3.6,28.1,49.3,18.6,34.5,165,0.54,2.6,7.2,0.9,2.5,62.3,0.48,2.3,6.3,0.87,2.4,50.4,50.0,54.0,50.0,33,51.5,62.1,5.8,3.4,9.9,65.8,69.3,48.4,53.7,75.9,37.3,9.6,4.1,28.1,51.9,23.2,41.0,222,0.57,2.7,6.7,1.1,2.8,58.1,0.57,2.8,6.9,1.16,2.9,50.0,46.7,49.4,49.8
Hard,Matteo Berrettini,Cameron Norrie,1,19,57.9,67.1,13.0,1.7,4.8,65.5,76.7,48.8,51.3,86.5,34.3,6.5,2.5,27.8,44.7,18.4,38.9,108,0.47,2.3,5.7,0.91,2.2,69.0,0.44,2.2,5.3,0.67,1.6,50.7,50.0,58.7,52.5,18,61.1,66.2,7.5,2.3,6.5,64.8,72.4,55.0,58.8,84.8,35.9,10.9,3.3,28.6,48.8,21.5,36.2,152,0.59,2.9,8.4,1.06,3.1,65.5,0.44,2.2,6.4,0.77,2.2,51.2,23.1,53.8,53.6
Hard,Benjamin Bonzi,David Goffin,1,10,50.0,64.7,8.2,2.0,5.7,63.9,71.7,52.1,55.3,77.9,36.7,8.0,2.8,31.1,46.9,20.3,37.9,66,0.54,2.8,6.6,1.04,2.5,66.3,0.66,3.3,8.0,1.13,2.7,50.3,57.1,50.0,49.0,25,60.0,60.3,6.3,3.9,9.9,60.7,68.6,47.5,52.8,73.7,39.2,8.7,3.2,30.1,52.2,27.8,39.1,215,0.71,3.4,8.6,1.31,3.4,60.7,0.67,3.1,8.0,1.23,3.2,50.0,50.0,53.1,50.7
Hard,Nuno Borges,Jordan Thompson,1,29,44.8,62.7,8.0,4.0,10.1,60.9,71.4,49.1,54.6,75.7,37.2,7.8,4.4,26.4,53.9,19.9,36.0,203,0.55,2.7,7.0,0.96,2.5,56.7,0.56,2.7,7.0,1.16,3.0,49.7,52.9,46.1,47.6,44,63.6,66.0,10.1,1.4,3.5,59.7,74.3,53.7,55.7,81.9,37.5,6.6,4.4,30.1,49.4,21.9,39.1,297,0.56,2.7,6.8,1.05,2.6,64.3,0.51,2.4,6.1,0.87,2.2,51.4,75.0,60.9,51.9
Hard,Roberto Carballes Baena,Alejandro Tabilo,1,22,45.5,63.2,5.4,3.3,8.8,62.6,70.7,50.6,55.5,77.6,37.2,7.2,3.2,28.0,51.6,19.6,34.0,150,0.58,2.7,6.8,0.93,2.3,60.9,0.57,2.7,6.9,1.07,2.7,50.1,50.0,45.5,48.8,29,48.3,65.6,11.9,3.6,9.9,63.6,75.2,48.8,54.2,82.6,35.0,12.1,4.5,26.1,50.2,17.7,38.1,168,0.47,2.3,5.8,0.86,2.2,63.2,0.47,2.3,5.9,0.85,2.2,50.4,38.9,48.6,50.3
Hard,Flavio Cobolli,Jacob Fearnley,0,37,59.5,61.6,6.9,4.3,9.5,54.5,72.1,49.1,54.2,76.8,35.8,7.6,4.3,26.1,50.4,20.8,41.4,239,0.5,2.4,6.5,0.98,2.7,65.2,0.67,3.1,8.5,1.08,2.9,49.1,70.6,51.5,48.7,2,50.0,56.9,3.3,7.2,16.2,55.6,67.1,44.1,52.6,71.4,38.6,9.1,3.0,30.6,53.2,30.0,42.9,14,0.7,3.5,7.0,1.5,3.0,64.7,0.81,4.3,8.5,1.5,3.0,48.4,50.0,50.0,51.2
Hard,Pablo Carreno Busta,Kamil Majchrzak,1,14,57.1,62.6,5.8,3.9,10.4,62.0,69.1,52.0,58.1,76.0,38.4,10.0,2.7,29.5,50.3,28.0,50.0,84,0.56,2.5,6.0,1.27,3.0,55.0,0.53,2.4,5.7,1.09,2.6,50.8,33.3,51.5,52.0,2,50.0,70.5,2.3,2.3,6.7,65.9,75.9,60.0,64.3,100.0,63.6,6.1,12.1,57.9,71.4,71.4,83.3,6,0.86,1.5,3.0,1.25,2.5,100.0,1.14,2.0,4.0,0.0,0.0,67.5,0.0,50.0,85.7
Hard,Flavio Cobolli,Sebastian Baez,1,37,59.5,61.6,6.9,4.3,9.5,54.5,72.1,49.1,54.2,76.8,35.8,7.6,4.3,26.1,50.4,20.8,41.4,239,0.5,2.4,6.5,0.98,2.7,65.2,0.67,3.1,8.5,1.08,2.9,49.1,70.6,51.5,48.7,19,26.3,57.3,2.5,2.5,8.8,71.3,61.0,48.2,52.9,66.7,36.3,10.2,3.9,26.7,49.3,18.8,35.0,120,0.54,2.4,6.3,0.86,2.2,57.6,0.79,3.5,9.1,1.49,3.8,47.0,75.0,32.7,42.5
Hard,Francisco Cerundolo,Alexander Bublik,1,29,48.3,62.4,5.3,4.3,10.9,60.5,70.1,50.6,56.8,78.8,36.2,7.4,3.3,27.1,51.0,21.2,42.6,176,0.5,2.4,6.1,1.03,2.6,62.9,0.57,2.8,7.1,1.04,2.6,49.6,47.4,49.3,50.2,31,51.6,62.7,13.9,8.4,20.6,59.4,76.1,43.2,54.4,78.2,36.1,6.8,2.9,30.1,45.6,20.0,40.9,176,0.49,2.3,5.7,0.92,2.3,61.5,0.57,2.7,6.7,1.03,2.6,49.7,41.7,47.4,49.4
Hard,Francisco Cerundolo,Alex De Minaur,0,29,48.3,62.4,5.3,4.3,10.9,60.5,70.1,50.6,56.8,78.8,36.2,7.4,3.3,27.1,51.0,21.2,42.6,176,0.5,2.4,6.1,1.03,2.6,62.9,0.57,2.8,7.1,1.04,2.6,49.6,47.4,49.3,50.2,45,66.7,64.8,7.0,3.5,7.7,54.4,73.5,54.3,58.9,82.4,40.4,6.8,3.4,30.5,55.0,27.6,45.2,334,0.61,2.8,7.4,1.28,3.4,62.2,0.46,2.1,5.6,0.81,2.1,52.2,63.6,62.7,54.8
Hard,Francisco Cerundolo,Fabian Marozsan,1,29,48.3,62.4,5.3,4.3,10.9,60.5,70.1,50.6,56.8,78.8,36.2,7.4,3.3,27.1,51.0,21.2,42.6,176,0.5,2.4,6.1,1.03,2.6,62.9,0.57,2.8,7.1,1.04,2.6,49.6,47.4,49.3,50.2,33,51.5,62.1,5.8,3.4,9.9,65.8,69.3,48.4,53.7,75.9,37.3,9.6,4.1,28.1,51.9,23.2,41.0,222,0.57,2.7,6.7,1.1,2.8,58.1,0.57,2.8,6.9,1.16,2.9,50.0,46.7,49.4,49.8
Hard,Flavio Cobolli,Tomas Martin Etcheverry,0,37,59.5,61.6,6.9,4.3,9.5,54.5,72.1,49.1,54.2,76.8,35.8,7.6,4.3,26.1,50.4,20.8,41.4,239,0.5,2.4,6.5,0.98,2.7,65.2,0.67,3.1,8.5,1.08,2.9,49.1,70.6,51.5,48.7,26,46.2,64.7,9.5,2.1,6.2,65.4,73.6,47.9,51.1,83.0,34.8,9.3,3.7,23.9,51.7,17.8,34.6,185,0.51,2.6,7.1,0.91,2.5,65.7,0.5,2.5,6.8,0.87,2.3,49.9,45.0,50.0,50.3
Hard,Corentin Moutet,Grigor Dimitrov,1,11,27.3,57.9,2.4,3.0,8.4,64.9,64.9,44.9,49.1,67.5,37.0,4.8,3.3,31.4,47.0,22.0,38.4,73,0.57,2.8,6.6,1.08,2.5,55.1,0.72,3.4,8.1,1.54,3.6,47.4,37.5,30.8,44.4,46,73.9,69.6,11.6,4.6,12.2,62.1,80.5,51.6,58.8,87.5,36.9,9.8,3.4,27.7,51.9,20.6,35.9,329,0.57,2.7,7.2,0.98,2.6,68.1,0.39,1.9,5.0,0.61,1.6,52.7,76.0,66.7,54.4
Hard,Luciano Darderi,Pedro Martinez,0,14,14.3,60.1,8.0,3.9,9.2,57.6,69.4,47.4,52.2,74.1,30.9,14.4,4.0,22.2,45.7,10.7,27.4,62,0.39,1.9,4.4,0.53,1.2,57.3,0.61,3.0,6.9,1.28,2.9,46.1,55.6,21.9,42.3,15,26.7,58.8,5.0,5.6,15.9,64.7,65.3,46.9,55.7,69.2,35.9,12.4,3.6,24.5,53.7,19.4,40.7,81,0.48,2.3,5.4,0.92,2.2,50.5,0.62,2.9,7.0,1.44,3.5,47.5,33.3,30.6,44.2
Hard,Alejandro Davidovich Fokina,Felix Auger Aliassime,1,32,50.0,63.4,6.6,3.1,9.4,66.9,69.4,51.5,56.8,80.0,37.2,9.8,3.8,27.8,50.6,22.4,41.3,213,0.54,2.7,6.7,1.1,2.8,63.6,0.55,2.7,6.8,0.99,2.5,50.3,33.3,50.0,51.3,30,50.0,65.3,11.7,6.0,16.0,62.1,74.1,50.9,60.6,82.7,36.6,7.3,4.1,29.5,48.5,19.9,39.3,183,0.51,2.4,6.1,0.96,2.4,62.3,0.46,2.2,5.6,0.84,2.1,50.7,33.3,50.7,51.4
Hard,Alex De Minaur,Botic Van De Zandschulp,1,45,66.7,64.8,7.0,3.5,7.7,54.4,73.5,54.3,58.9,82.4,40.4,6.8,3.4,30.5,55.0,27.6,45.2,334,0.61,2.8,7.4,1.28,3.4,62.2,0.46,2.1,5.6,0.81,2.1,52.2,63.6,62.7,54.8,30,40.0,62.3,6.4,4.4,12.4,64.5,70.8,46.9,53.5,77.1,35.1,8.5,3.6,25.7,50.7,17.8,38.9,162,0.46,2.3,5.4,0.9,2.1,59.8,0.57,2.8,6.6,1.14,2.7,48.8,43.8,41.4,47.2
Hard,Nishesh Basavareddy,Novak Djokovic,0,3,33.3,63.3,8.8,4.0,10.8,63.3,73.4,45.8,51.4,80.0,35.2,11.3,4.3,22.8,53.2,25.0,47.4,19,0.53,1.6,6.3,0.75,3.0,74.1,0.77,2.3,9.0,0.58,2.3,49.1,20.0,41.7,52.1,21,76.2,68.9,9.8,3.7,9.7,61.7,77.2,55.5,61.4,87.9,39.9,9.5,3.1,29.7,56.7,25.9,37.7,183,0.69,3.1,8.7,1.15,3.3,66.7,0.36,1.7,4.7,0.55,1.6,54.0,63.6,70.0,57.3
Hard,Benjamin Bonzi,James Duckworth,1,10,50.0,64.7,8.2,2.0,5.7,63.9,71.7,52.1,55.3,77.9,36.7,8.0,2.8,31.1,46.9,20.3,37.9,66,0.54,2.8,6.6,1.04,2.5,66.3,0.66,3.3,8.0,1.13,2.7,50.3,57.1,50.0,49.0,16,31.3,65.5,9.8,3.3,8.3,60.5,74.1,52.4,57.1,80.7,30.5,14.1,2.7,21.7,44.5,10.7,33.3,63,0.32,1.5,3.9,0.51,1.3,60.8,0.49,2.4,6.1,0.93,2.4,48.1,75.0,39.0,45.8
Hard,Alex De Minaur,Jaume Munar,1,45,66.7,64.8,7.0,3.5,7.7,54.4,73.5,54.3,58.9,82.4,40.4,6.8,3.4,30.5,55.0,27.6,45.2,334,0.61,2.8,7.4,1.28,3.4,62.2,0.46,2.1,5.6,0.81,2.1,52.2,63.6,62.7,54.8,11,18.2,59.9,4.7,4.4,12.2,63.9,68.7,44.3,50.5,73.2,39.3,7.1,3.4,30.6,52.5,24.0,40.2,87,0.6,2.8,7.9,1.13,3.2,59.6,0.66,3.2,9.0,1.29,3.6,49.4,0.0,35.5,48.8
Hard,Novak Djokovic,James Duckworth,1,21,76.2,68.9,9.8,3.7,9.7,61.7,77.2,55.5,61.4,87.9,39.9,9.5,3.1,29.7,56.7,25.9,37.7,183,0.69,3.1,8.7,1.15,3.3,66.7,0.36,1.7,4.7,0.55,1.6,54.0,63.6,70.0,57.3,16,31.3,65.5,9.8,3.3,8.3,60.5,74.1,52.4,57.1,80.7,30.5,14.1,2.7,21.7,44.5,10.7,33.3,63,0.32,1.5,3.9,0.51,1.3,60.8,0.49,2.4,6.1,0.93,2.4,48.1,75.0,39.0,45.8
Hard,Learner Tien,Daniil Medvedev,1,10,60.0,61.8,4.3,2.1,6.6,67.5,65.7,53.9,57.7,75.4,35.5,9.7,2.0,26.4,52.6,21.0,38.8,67,0.54,1.9,6.7,0.72,2.6,64.8,0.7,2.4,8.8,0.86,3.1,48.8,62.5,50.0,48.4,41,70.7,63.5,8.2,6.0,15.1,60.3,73.2,48.7,57.4,79.5,40.6,5.7,3.3,32.9,53.6,29.9,42.6,376,0.7,3.4,9.2,1.43,3.9,61.7,0.54,2.5,6.9,0.96,2.6,51.9,73.3,65.2,54.5
Hard,Matteo Arnaldi,Jack Draper,0,33,54.5,62.3,8.5,3.7,8.4,56.4,72.0,49.8,54.4,78.0,36.5,5.2,2.9,29.8,47.5,21.1,38.6,233,0.55,2.7,7.1,1.03,2.7,58.5,0.53,2.6,6.9,1.09,2.9,49.6,61.1,54.0,49.7,39,66.7,65.8,10.4,4.3,10.2,57.9,76.9,50.4,56.1,83.9,39.5,7.8,4.0,31.8,51.0,27.4,46.1,284,0.59,2.8,7.3,1.3,3.4,65.0,0.46,2.2,5.6,0.76,2.0,52.5,50.0,64.4,55.7
Hard,Quentin Halys,Adam Walton,1,12,41.7,65.3,15.5,4.0,9.9,59.3,77.7,47.2,52.3,84.0,31.9,8.4,3.4,23.9,44.0,12.2,37.5,48,0.32,1.6,4.0,0.6,1.5,72.4,0.58,2.9,7.3,0.8,2.0,49.4,50.0,40.0,48.3,9,11.1,65.5,8.3,2.8,8.1,65.5,74.6,48.3,52.5,82.0,30.6,14.3,2.8,22.4,44.6,9.6,22.0,50,0.44,2.3,5.6,0.5,1.2,62.3,0.48,2.4,5.9,0.91,2.2,47.6,0.0,18.2,45.3
Hard,Novak Djokovic,Tomas Machac,1,21,76.2,68.9,9.8,3.7,9.7,61.7,77.2,55.5,61.4,87.9,39.9,9.5,3.1,29.7,56.7,25.9,37.7,183,0.69,3.1,8.7,1.15,3.3,66.7,0.36,1.7,4.7,0.55,1.6,54.0,63.6,70.0,57.3,39,59.0,65.1,7.3,3.6,9.3,61.4,73.4,51.9,57.2,82.8,36.0,9.5,3.3,27.5,48.9,21.5,41.8,239,0.51,2.5,6.1,1.04,2.6,64.3,0.48,2.3,5.7,0.83,2.1,50.7,57.9,60.4,52.2
Hard,Nuno Borges,Carlos Alcaraz,0,29,44.8,62.7,8.0,4.0,10.1,60.9,71.4,49.1,54.6,75.7,37.2,7.8,4.4,26.4,53.9,19.9,36.0,203,0.55,2.7,7.0,0.96,2.5,56.7,0.56,2.7,7.0,1.16,3.0,49.7,52.9,46.1,47.6,37,78.4,70.5,7.5,2.4,6.6,64.5,76.6,59.4,63.6,89.0,40.6,6.0,3.3,33.7,53.0,27.8,40.2,286,0.69,3.2,7.7,1.29,3.1,64.1,0.31,1.4,3.5,0.52,1.2,54.4,53.3,73.0,58.5
Hard,Novak Djokovic,Alexander Zverev,0,21,76.2,68.9,9.8,3.7,9.7,61.7,77.2,55.5,61.4,87.9,39.9,9.5,3.1,29.7,56.7,25.9,37.7,183,0.69,3.1,8.7,1.15,3.3,66.7,0.36,1.7,4.7,0.55,1.6,54.0,63.6,70.0,57.3,52,75.0,70.2,11.4,2.7,9.1,70.6,76.2,55.9,61.5,90.3,37.2,7.7,2.5,28.9,51.3,21.1,39.2,380,0.54,2.7,7.3,1.05,2.9,72.3,0.35,1.8,4.8,0.49,1.3,53.2,57.6,69.0,55.9
Hard,Mattia Bellucci,Yoshihito Nishioka,0,12,50.0,65.0,13.0,3.3,9.4,65.0,71.7,52.5,57.9,79.9,33.5,12.8,2.5,26.8,44.8,15.7,33.8,65,0.46,2.2,5.4,0.73,1.8,68.2,0.63,2.9,7.3,0.93,2.3,49.5,66.7,50.0,47.7,24,54.2,63.1,3.4,1.6,4.2,62.9,68.6,53.8,56.1,79.0,36.1,13.5,3.8,26.3,51.9,21.0,39.2,143,0.54,2.3,6.0,0.92,2.3,58.6,0.51,2.2,5.5,0.9,2.3,49.6,66.7,55.7,49.7
Hard,Jack Draper,Mariano Navone,1,39,66.7,65.8,10.4,4.3,10.2,57.9,76.9,50.4,56.1,83.9,39.5,7.8,4.0,31.8,51.0,27.4,46.1,284,0.59,2.8,7.3,1.3,3.4,65.0,0.46,2.2,5.6,0.76,2.0,52.5,50.0,64.4,55.7,13,23.1,60.1,5.4,3.7,8.5,56.9,68.5,49.0,53.5,71.7,34.4,6.9,3.9,26.1,47.9,15.6,34.8,69,0.45,2.2,5.3,0.75,1.8,61.3,0.73,3.5,8.5,1.34,3.3,47.4,40.0,28.1,43.5
Hard,James Duckworth,Adam Walton,1,16,31.3,65.5,9.8,3.3,8.3,60.5,74.1,52.4,57.1,80.7,30.5,14.1,2.7,21.7,44.5,10.7,33.3,63,0.32,1.5,3.9,0.51,1.3,60.8,0.49,2.4,6.1,0.93,2.4,48.1,75.0,39.0,45.8,9,11.1,65.5,8.3,2.8,8.1,65.5,74.6,48.3,52.5,82.0,30.6,14.3,2.8,22.4,44.6,9.6,22.0,50,0.44,2.3,5.6,0.5,1.2,62.3,0.48,2.4,5.9,0.91,2.2,47.6,0.0,18.2,45.3
Hard,Tomas Martin Etcheverry,Marcos Giron,0,26,46.2,64.7,9.5,2.1,6.2,65.4,73.6,47.9,51.1,83.0,34.8,9.3,3.7,23.9,51.7,17.8,34.6,185,0.51,2.6,7.1,0.91,2.5,65.7,0.5,2.5,6.8,0.87,2.3,49.9,45.0,50.0,50.3,30,50.0,64.6,6.2,2.0,5.3,61.2,73.0,51.2,54.1,80.6,36.7,9.2,3.2,28.6,49.7,20.6,39.3,183,0.52,2.5,6.1,1.0,2.4,58.2,0.46,2.2,5.3,0.92,2.2,50.3,61.5,54.2,50.2
Hard,Jacob Fearnley,Mariano Navone,1,2,50.0,56.9,3.3,7.2,16.2,55.6,67.1,44.1,52.6,71.4,38.6,9.1,3.0,30.6,53.2,30.0,42.9,14,0.7,3.5,7.0,1.5,3.0,64.7,0.81,4.3,8.5,1.5,3.0,48.4,50.0,50.0,51.2,13,23.1,60.1,5.4,3.7,8.5,56.9,68.5,49.0,53.5,71.7,34.4,6.9,3.9,26.1,47.9,15.6,34.8,69,0.45,2.2,5.3,0.75,1.8,61.3,0.73,3.5,8.5,1.34,3.3,47.4,40.0,28.1,43.5
Hard,Alex De Minaur,Alex Michelsen,1,45,66.7,64.8,7.0,3.5,7.7,54.4,73.5,54.3,58.9,82.4,40.4,6.8,3.4,30.5,55.0,27.6,45.2,334,0.61,2.8,7.4,1.28,3.4,62.2,0.46,2.1,5.6,0.81,2.1,52.2,63.6,62.7,54.8,45,57.8,63.8,6.5,3.3,9.8,66.2,70.7,50.4,55.8,80.6,37.9,7.9,4.0,29.9,50.5,25.1,43.1,306,0.58,2.6,6.8,1.14,2.9,62.2,0.51,2.4,6.1,0.9,2.3,51.1,48.3,56.0,53.2
Hard,Jacob Fearnley,Alexander Zverev,0,2,50.0,56.9,3.3,7.2,16.2,55.6,67.1,44.1,52.6,71.4,38.6,9.1,3.0,30.6,53.2,30.0,42.9,14,0.7,3.5,7.0,1.5,3.0,64.7,0.81,4.3,8.5,1.5,3.0,48.4,50.0,50.0,51.2,52,75.0,70.2,11.4,2.7,9.1,70.6,76.2,55.9,61.5,90.3,37.2,7.7,2.5,28.9,51.3,21.1,39.2,380,0.54,2.7,7.3,1.05,2.9,72.3,0.35,1.8,4.8,0.49,1.3,53.2,57.6,69.0,55.9
Hard,Arthur Fils,Mariano Navone,1,37,59.5,67.2,10.2,4.3,10.9,60.7,78.3,49.9,56.0,85.1,35.6,9.0,3.1,27.0,50.0,18.4,34.6,237,0.53,2.5,6.4,0.86,2.2,64.4,0.42,2.0,5.1,0.71,1.8,51.0,56.5,55.8,51.8,13,23.1,60.1,5.4,3.7,8.5,56.9,68.5,49.0,53.5,71.7,34.4,6.9,3.9,26.1,47.9,15.6,34.8,69,0.45,2.2,5.3,0.75,1.8,61.3,0.73,3.5,8.5,1.34,3.3,47.4,40.0,28.1,43.5
Hard,Joao Fonseca,Andrey Rublev,1,8,87.5,73.0,9.8,1.1,3.7,70.5,77.9,61.3,63.7,91.3,35.4,11.2,4.8,27.3,51.5,22.3,29.2,72,0.77,2.6,9.0,0.75,2.6,65.2,0.25,0.8,2.9,0.29,1.0,53.3,50.0,67.9,56.5,50,64.0,68.5,11.3,2.9,7.7,62.3,77.1,54.3,58.8,87.6,36.9,11.1,3.8,27.3,52.3,19.9,35.1,367,0.57,2.8,7.3,0.99,2.6,69.7,0.41,2.1,5.3,0.62,1.6,52.3,51.7,60.8,53.9
Hard,Taylor Fritz,Nicolas Jarry,1,42,66.7,68.6,12.5,2.7,7.0,61.5,76.9,55.3,59.5,88.0,36.3,8.0,4.2,26.9,50.7,21.0,39.1,289,0.54,2.6,6.9,1.01,2.7,69.9,0.4,2.0,5.2,0.59,1.6,52.3,64.7,64.3,54.8,24,41.7,66.9,12.2,3.2,8.6,62.6,77.6,49.1,53.7,82.6,32.6,8.8,2.7,24.3,46.9,13.0,33.3,129,0.39,2.0,5.4,0.66,1.8,61.2,0.45,2.3,6.1,0.88,2.4,49.6,50.0,44.6,47.6
Hard,Hugo Gaston,Jesper De Jong,1,15,40.0,58.5,4.0,3.0,7.4,59.4,65.6,48.0,51.9,69.0,34.6,9.1,3.3,28.1,45.3,17.7,34.7,95,0.51,2.4,6.3,0.83,2.2,55.1,0.69,3.2,8.5,1.43,3.8,46.8,66.7,35.0,43.2,4,25.0,64.3,10.1,3.2,8.4,62.0,72.9,50.4,55.0,81.1,27.2,14.1,4.1,20.0,39.1,9.6,55.6,9,0.17,0.8,2.3,0.45,1.3,68.8,0.6,2.9,8.0,0.91,2.5,47.4,0.0,27.3,45.7
Hard,Marcos Giron,Jannik Sinner,0,30,50.0,64.6,6.2,2.0,5.3,61.2,73.0,51.2,54.1,80.6,36.7,9.2,3.2,28.6,49.7,20.6,39.3,183,0.52,2.5,6.1,1.0,2.4,58.2,0.46,2.2,5.3,0.92,2.2,50.3,61.5,54.2,50.2,56,94.6,71.1,10.4,2.4,6.1,60.8,79.0,58.9,62.7,92.1,41.5,7.3,3.0,32.1,56.8,29.9,41.7,463,0.72,3.3,8.3,1.38,3.4,76.0,0.33,1.6,3.9,0.38,0.9,55.7,83.3,87.1,61.5
Hard,Quentin Halys,Arthur Fils,0,12,41.7,65.3,15.5,4.0,9.9,59.3,77.7,47.2,52.3,84.0,31.9,8.4,3.4,23.9,44.0,12.2,37.5,48,0.32,1.6,4.0,0.6,1.5,72.4,0.58,2.9,7.3,0.8,2.0,49.4,50.0,40.0,48.3,37,59.5,67.2,10.2,4.3,10.9,60.7,78.3,49.9,56.0,85.1,35.6,9.0,3.1,27.0,50.0,18.4,34.6,237,0.53,2.5,6.4,0.86,2.2,64.4,0.42,2.0,5.1,0.71,1.8,51.0,56.5,55.8,51.8
Hard,Hubert Hurkacz,Tallon Griekspoor,1,34,61.8,69.8,15.3,2.4,6.3,62.1,78.8,55.0,58.7,88.8,33.9,8.9,2.7,25.5,48.7,15.6,35.6,208,0.44,2.2,6.1,0.77,2.2,69.8,0.37,1.9,5.4,0.57,1.6,51.6,51.6,58.3,52.8,40,52.5,68.0,12.5,3.7,11.0,65.8,76.6,51.4,57.8,86.0,31.0,11.5,3.2,23.6,44.3,13.5,38.1,181,0.35,1.8,4.5,0.68,1.7,63.4,0.38,1.9,4.9,0.7,1.8,49.6,50.0,51.5,49.6
Hard,Hamad Medjedovic,Borna Coric,1,6,66.7,69.5,12.6,3.8,12.5,69.7,75.6,55.6,63.5,87.5,34.1,14.9,4.3,27.6,46.6,14.8,34.3,35,0.43,2.1,5.8,0.71,2.0,70.6,0.43,2.0,5.7,0.59,1.7,51.2,100.0,58.8,50.9,22,40.9,64.8,9.5,3.0,7.8,61.6,72.5,52.5,56.9,82.0,35.9,9.9,4.1,28.2,47.2,18.3,36.1,133,0.51,2.5,6.0,0.89,2.2,63.6,0.49,2.4,5.9,0.87,2.1,50.1,36.4,46.3,50.0
Hard,Arthur Fils,Ugo Humbert,0,37,59.5,67.2,10.2,4.3,10.9,60.7,78.3,49.9,56.0,85.1,35.6,9.0,3.1,27.0,50.0,18.4,34.6,237,0.53,2.5,6.4,0.86,2.2,64.4,0.42,2.0,5.1,0.71,1.8,51.0,56.5,55.8,51.8,42,69.0,67.6,9.4,2.4,6.8,63.9,74.0,56.3,60.4,87.6,37.0,8.1,3.7,27.5,52.1,23.1,39.4,297,0.59,2.8,7.1,1.08,2.8,68.0,0.39,1.9,4.8,0.59,1.5,52.4,23.1,64.8,55.7
Hard,Hamad Medjedovic,Rinky Hijikata,1,6,66.7,69.5,12.6,3.8,12.5,69.7,75.6,55.6,63.5,87.5,34.1,14.9,4.3,27.6,46.6,14.8,34.3,35,0.43,2.1,5.8,0.71,2.0,70.6,0.43,2.0,5.7,0.59,1.7,51.2,100.0,58.8,50.9,23,47.8,60.1,6.1,3.9,9.1,57.5,68.7,48.5,53.3,73.1,36.8,10.2,3.2,29.2,49.6,20.7,38.3,154,0.54,2.6,6.7,1.0,2.6,61.5,0.7,3.3,8.3,1.25,3.2,48.4,63.6,44.1,46.4
Hard,Cameron Norrie,Marcos Giron,0,18,61.1,66.2,7.5,2.3,6.5,64.8,72.4,55.0,58.8,84.8,35.9,10.9,3.3,28.6,48.8,21.5,36.2,152,0.59,2.9,8.4,1.06,3.1,65.5,0.44,2.2,6.4,0.77,2.2,51.2,23.1,53.8,53.6,30,50.0,64.6,6.2,2.0,5.3,61.2,73.0,51.2,54.1,80.6,36.7,9.2,3.2,28.6,49.7,20.6,39.3,183,0.52,2.5,6.1,1.0,2.4,58.2,0.46,2.2,5.3,0.92,2.2,50.3,61.5,54.2,50.2
Hard,Ugo Humbert,Hugo Gaston,1,42,69.0,67.6,9.4,2.4,6.8,63.9,74.0,56.3,60.4,87.6,37.0,8.1,3.7,27.5,52.1,23.1,39.4,297,0.59,2.8,7.1,1.08,2.8,68.0,0.39,1.9,4.8,0.59,1.5,52.4,23.1,64.8,55.7,15,40.0,58.5,4.0,3.0,7.4,59.4,65.6,48.0,51.9,69.0,34.6,9.1,3.3,28.1,45.3,17.7,34.7,95,0.51,2.4,6.3,0.83,2.2,55.1,0.69,3.2,8.5,1.43,3.8,46.8,66.7,35.0,43.2
Hard,Sebastian Korda,Aleksandar Vukic,0,30,63.3,65.3,11.9,2.7,6.7,60.0,74.7,51.2,54.8,81.6,37.7,8.2,4.5,28.3,53.1,23.8,41.2,199,0.58,2.7,6.6,1.11,2.7,60.7,0.47,2.2,5.4,0.86,2.1,51.1,42.9,56.8,52.7,24,41.7,63.8,12.6,2.4,5.8,58.1,73.7,50.1,53.2,78.3,33.3,9.0,3.6,25.0,46.2,14.9,35.2,125,0.42,2.1,5.2,0.73,1.8,57.7,0.51,2.5,6.2,1.05,2.6,48.6,75.0,43.3,46.3
Hard,Gael Monfils,Daniel Altmaier,1,30,56.7,65.3,10.8,5.3,13.3,59.8,74.4,51.6,59.5,82.9,36.4,4.5,3.0,31.0,45.7,20.9,38.2,212,0.55,2.7,7.1,1.01,2.7,65.5,0.49,2.4,6.5,0.84,2.2,50.9,61.1,55.0,52.1,19,42.1,63.6,10.0,3.2,8.6,62.9,72.8,47.9,52.4,79.8,33.1,6.3,3.4,26.7,43.4,13.6,32.6,89,0.42,2.0,4.7,0.66,1.5,63.9,0.56,2.7,6.3,0.98,2.3,48.7,63.6,43.2,46.7
Hard,Hubert Hurkacz,Miomir Kecmanovic,0,34,61.8,69.8,15.3,2.4,6.3,62.1,78.8,55.0,58.7,88.8,33.9,8.9,2.7,25.5,48.7,15.6,35.6,208,0.44,2.2,6.1,0.77,2.2,69.8,0.37,1.9,5.4,0.57,1.6,51.6,51.6,58.3,52.8,34,44.1,63.5,5.4,2.9,7.4,60.8,70.0,53.4,57.6,78.5,36.0,9.7,3.5,26.1,51.7,19.5,37.0,230,0.53,2.5,6.8,0.93,2.5,53.9,0.47,2.2,6.0,1.03,2.8,49.5,33.3,45.1,49.1
Hard,Jaume Munar,Taylor Fritz,0,11,18.2,59.9,4.7,4.4,12.2,63.9,68.7,44.3,50.5,73.2,39.3,7.1,3.4,30.6,52.5,24.0,40.2,87,0.6,2.8,7.9,1.13,3.2,59.6,0.66,3.2,9.0,1.29,3.6,49.4,0.0,35.5,48.8,42,66.7,68.6,12.5,2.7,7.0,61.5,76.9,55.3,59.5,88.0,36.3,8.0,4.2,26.9,50.7,21.0,39.1,289,0.54,2.6,6.9,1.01,2.7,69.9,0.4,2.0,5.2,0.59,1.6,52.3,64.7,64.3,54.8
Hard,Jesper De Jong,Reilly Opelka,0,4,25.0,64.3,10.1,3.2,8.4,62.0,72.9,50.4,55.0,81.1,27.2,14.1,4.1,20.0,39.1,9.6,55.6,9,0.17,0.8,2.3,0.45,1.3,68.8,0.6,2.9,8.0,0.91,2.5,47.4,0.0,27.3,45.7,11,36.4,69.6,22.0,3.8,10.5,63.6,79.3,52.7,58.9,89.0,26.9,8.5,3.7,20.1,40.3,8.7,28.9,45,0.3,1.6,4.1,0.45,1.2,74.2,0.43,2.3,6.0,0.59,1.5,48.9,30.0,37.9,49.5
Hard,Miomir Kecmanovic,Bu Yunchaokete,1,34,44.1,63.5,5.4,2.9,7.4,60.8,70.0,53.4,57.6,78.5,36.0,9.7,3.5,26.1,51.7,19.5,37.0,230,0.53,2.5,6.8,0.93,2.5,53.9,0.47,2.2,6.0,1.03,2.8,49.5,33.3,45.1,49.1,15,60.0,66.3,9.4,2.3,5.4,57.8,74.5,55.2,58.3,82.6,35.5,10.9,2.9,29.4,46.1,20.8,40.2,92,0.52,2.6,6.1,1.06,2.5,61.3,0.45,2.3,5.3,0.89,2.1,50.8,50.0,57.1,51.7
Hard,Karen Khachanov,Gabriel Diallo,1,43,65.1,66.7,10.5,2.0,5.7,64.1,74.7,52.5,55.7,82.7,36.7,10.8,3.5,26.6,53.6,22.5,40.5,294,0.56,2.8,6.8,1.12,2.8,60.8,0.44,2.2,5.4,0.86,2.1,51.3,68.0,61.3,52.5,14,57.1,62.6,10.5,3.0,9.4,68.6,70.2,46.2,51.0,80.5,37.3,5.4,3.5,32.4,45.6,21.8,35.3,116,0.62,3.1,8.3,1.11,2.9,59.8,0.48,2.5,6.6,1.0,2.6,50.1,37.5,54.1,51.3
Hard,Jakub Mensik,Alejandro Davidovich Fokina,0,29,58.6,64.5,13.2,4.0,10.1,60.2,75.5,47.8,53.2,82.6,35.4,8.4,3.9,26.7,49.7,18.9,37.6,205,0.5,2.3,7.1,0.88,2.7,65.9,0.51,2.4,7.2,0.81,2.4,50.1,53.1,55.7,50.7,32,50.0,63.4,6.6,3.1,9.4,66.9,69.4,51.5,56.8,80.0,37.2,9.8,3.8,27.8,50.6,22.4,41.3,213,0.54,2.7,6.7,1.1,2.8,63.6,0.55,2.7,6.8,0.99,2.5,50.3,33.3,50.0,51.3
Hard,Matteo Arnaldi,Roman Safiullin,1,33,54.5,62.3,8.5,3.7,8.4,56.4,72.0,49.8,54.4,78.0,36.5,5.2,2.9,29.8,47.5,21.1,38.6,233,0.55,2.7,7.1,1.03,2.7,58.5,0.53,2.6,6.9,1.09,2.9,49.6,61.1,54.0,49.7,28,46.4,65.1,9.9,3.9,9.8,59.8,75.1,50.3,55.8,80.4,36.6,7.6,4.0,28.5,50.0,19.6,35.4,192,0.55,2.7,6.9,0.96,2.4,62.0,0.52,2.5,6.4,0.96,2.4,50.5,45.5,47.9,50.0
Hard,Jiri Lehecka,Hugo Gaston,1,44,59.1,65.7,10.9,3.5,9.1,61.2,74.7,51.4,56.5,82.9,34.8,8.1,3.1,27.8,46.2,18.5,36.0,278,0.51,2.5,6.3,0.9,2.3,66.9,0.52,2.5,6.3,0.83,2.1,50.3,63.2,55.0,50.6,15,40.0,58.5,4.0,3.0,7.4,59.4,65.6,48.0,51.9,69.0,34.6,9.1,3.3,28.1,45.3,17.7,34.7,95,0.51,2.4,6.3,0.83,2.2,55.1,0.69,3.2,8.5,1.43,3.8,46.8,66.7,35.0,43.2
Hard,Ben Shelton,Gael Monfils,1,47,61.7,69.7,11.6,3.3,11.0,69.6,76.0,55.2,62.0,89.2,32.1,7.3,3.4,24.2,45.3,14.8,35.8,257,0.41,2.1,5.5,0.77,2.0,73.2,0.4,2.1,5.4,0.57,1.4,51.0,54.1,59.2,52.2,30,56.7,65.3,10.8,5.3,13.3,59.8,74.4,51.6,59.5,82.9,36.4,4.5,3.0,31.0,45.7,20.9,38.2,212,0.55,2.7,7.1,1.01,2.7,65.5,0.49,2.4,6.5,0.84,2.2,50.9,61.1,55.0,52.1
Hard,Aleksandar Kovacevic,Sebastian Korda,0,22,31.8,64.6,13.0,4.9,11.8,58.7,76.0,48.4,54.8,82.0,31.8,12.7,2.9,24.0,43.6,13.6,34.2,114,0.4,2.0,5.2,0.68,1.8,69.1,0.58,2.9,7.5,0.89,2.3,48.5,28.6,35.1,47.7,30,63.3,65.3,11.9,2.7,6.7,60.0,74.7,51.2,54.8,81.6,37.7,8.2,4.5,28.3,53.1,23.8,41.2,199,0.58,2.7,6.6,1.11,2.7,60.7,0.47,2.2,5.4,0.86,2.1,51.1,42.9,56.8,52.7
Hard,Jack Draper,Aleksandar Vukic,1,39,66.7,65.8,10.4,4.3,10.2,57.9,76.9,50.4,56.1,83.9,39.5,7.8,4.0,31.8,51.0,27.4,46.1,284,0.59,2.8,7.3,1.3,3.4,65.0,0.46,2.2,5.6,0.76,2.0,52.5,50.0,64.4,55.7,24,41.7,63.8,12.6,2.4,5.8,58.1,73.7,50.1,53.2,78.3,33.3,9.0,3.6,25.0,46.2,14.9,35.2,125,0.42,2.1,5.2,0.73,1.8,57.7,0.51,2.5,6.2,1.05,2.6,48.6,75.0,43.3,46.3
Hard,Laslo Djere,Alex Michelsen,0,13,46.2,61.6,10.1,3.7,10.3,64.5,70.1,46.1,51.4,78.0,36.1,7.3,4.0,24.8,54.5,22.0,39.6,91,0.55,2.6,7.0,1.03,2.8,67.3,0.67,3.1,8.5,1.03,2.8,49.3,44.4,48.6,50.0,45,57.8,63.8,6.5,3.3,9.8,66.2,70.7,50.4,55.8,80.6,37.9,7.9,4.0,29.9,50.5,25.1,43.1,306,0.58,2.6,6.8,1.14,2.9,62.2,0.51,2.4,6.1,0.9,2.3,51.1,48.3,56.0,53.2
Hard,Jiri Lehecka,Jesper De Jong,1,44,59.1,65.7,10.9,3.5,9.1,61.2,74.7,51.4,56.5,82.9,34.8,8.1,3.1,27.8,46.2,18.5,36.0,278,0.51,2.5,6.3,0.9,2.3,66.9,0.52,2.5,6.3,0.83,2.1,50.3,63.2,55.0,50.6,4,25.0,64.3,10.1,3.2,8.4,62.0,72.9,50.4,55.0,81.1,27.2,14.1,4.1,20.0,39.1,9.6,55.6,9,0.17,0.8,2.3,0.45,1.3,68.8,0.6,2.9,8.0,0.91,2.5,47.4,0.0,27.3,45.7
Hard,Jannik Sinner,Nicolas Jarry,1,56,94.6,71.1,10.4,2.4,6.1,60.8,79.0,58.9,62.7,92.1,41.5,7.3,3.0,32.1,56.8,29.9,41.7,463,0.72,3.3,8.3,1.38,3.4,76.0,0.33,1.6,3.9,0.38,0.9,55.7,83.3,87.1,61.5,24,41.7,66.9,12.2,3.2,8.6,62.6,77.6,49.1,53.7,82.6,32.6,8.8,2.7,24.3,46.9,13.0,33.3,129,0.39,2.0,5.4,0.66,1.8,61.2,0.45,2.3,6.1,0.88,2.4,49.6,50.0,44.6,47.6
Hard,Jiri Lehecka,Benjamin Bonzi,1,44,59.1,65.7,10.9,3.5,9.1,61.2,74.7,51.4,56.5,82.9,34.8,8.1,3.1,27.8,46.2,18.5,36.0,278,0.51,2.5,6.3,0.9,2.3,66.9,0.52,2.5,6.3,0.83,2.1,50.3,63.2,55.0,50.6,10,50.0,64.7,8.2,2.0,5.7,63.9,71.7,52.1,55.3,77.9,36.7,8.0,2.8,31.1,46.9,20.3,37.9,66,0.54,2.8,6.6,1.04,2.5,66.3,0.66,3.3,8.0,1.13,2.7,50.3,57.1,50.0,49.0
Hard,Fabian Marozsan,Frances Tiafoe,1,33,51.5,62.1,5.8,3.4,9.9,65.8,69.3,48.4,53.7,75.9,37.3,9.6,4.1,28.1,51.9,23.2,41.0,222,0.57,2.7,6.7,1.1,2.8,58.1,0.57,2.8,6.9,1.16,2.9,50.0,46.7,49.4,49.8,41,58.5,65.9,10.4,2.9,7.0,58.3,75.0,53.2,57.2,82.9,35.7,13.6,4.1,27.0,49.8,19.1,36.7,278,0.52,2.6,6.8,0.94,2.5,63.3,0.47,2.3,6.0,0.84,2.2,50.7,53.8,54.6,50.8
Hard,Jiri Lehecka,Novak Djokovic,0,44,59.1,65.7,10.9,3.5,9.1,61.2,74.7,51.4,56.5,82.9,34.8,8.1,3.1,27.8,46.2,18.5,36.0,278,0.51,2.5,6.3,0.9,2.3,66.9,0.52,2.5,6.3,0.83,2.1,50.3,63.2,55.0,50.6,21,76.2,68.9,9.8,3.7,9.7,61.7,77.2,55.5,61.4,87.9,39.9,9.5,3.1,29.7,56.7,25.9,37.7,183,0.69,3.1,8.7,1.15,3.3,66.7,0.36,1.7,4.7,0.55,1.6,54.0,63.6,70.0,57.3
Hard,Tomas Machac,Reilly Opelka,1,39,59.0,65.1,7.3,3.6,9.3,61.4,73.4,51.9,57.2,82.8,36.0,9.5,3.3,27.5,48.9,21.5,41.8,239,0.51,2.5,6.1,1.04,2.6,64.3,0.48,2.3,5.7,0.83,2.1,50.7,57.9,60.4,52.2,11,36.4,69.6,22.0,3.8,10.5,63.6,79.3,52.7,58.9,89.0,26.9,8.5,3.7,20.1,40.3,8.7,28.9,45,0.3,1.6,4.1,0.45,1.2,74.2,0.43,2.3,6.0,0.59,1.5,48.9,30.0,37.9,49.5
Hard,Mattia Bellucci,Karen Khachanov,0,12,50.0,65.0,13.0,3.3,9.4,65.0,71.7,52.5,57.9,79.9,33.5,12.8,2.5,26.8,44.8,15.7,33.8,65,0.46,2.2,5.4,0.73,1.8,68.2,0.63,2.9,7.3,0.93,2.3,49.5,66.7,50.0,47.7,43,65.1,66.7,10.5,2.0,5.7,64.1,74.7,52.5,55.7,82.7,36.7,10.8,3.5,26.6,53.6,22.5,40.5,294,0.56,2.8,6.8,1.12,2.8,60.8,0.44,2.2,5.4,0.86,2.1,51.3,68.0,61.3,52.5
Hard,Fabian Marozsan,Bu Yunchaokete,1,33,51.5,62.1,5.8,3.4,9.9,65.8,69.3,48.4,53.7,75.9,37.3,9.6,4.1,28.1,51.9,23.2,41.0,222,0.57,2.7,6.7,1.1,2.8,58.1,0.57,2.8,6.9,1.16,2.9,50.0,46.7,49.4,49.8,15,60.0,66.3,9.4,2.3,5.4,57.8,74.5,55.2,58.3,82.6,35.5,10.9,2.9,29.4,46.1,20.8,40.2,92,0.52,2.6,6.1,1.06,2.5,61.3,0.45,2.3,5.3,0.89,2.1,50.8,50.0,57.1,51.7
Hard,Lorenzo Sonego,Joao Fonseca,1,29,37.9,66.1,9.6,2.3,7.0,67.4,73.8,50.1,53.9,83.7,32.1,4.7,2.9,26.7,41.6,12.8,32.2,143,0.4,2.0,4.9,0.65,1.6,62.6,0.44,2.2,5.3,0.82,2.0,49.0,50.0,40.8,48.2,8,87.5,73.0,9.8,1.1,3.7,70.5,77.9,61.3,63.7,91.3,35.4,11.2,4.8,27.3,51.5,22.3,29.2,72,0.77,2.6,9.0,0.75,2.6,65.2,0.25,0.8,2.9,0.29,1.0,53.3,50.0,67.9,56.5
Hard,Fabian Marozsan,Lorenzo Sonego,0,33,51.5,62.1,5.8,3.4,9.9,65.8,69.3,48.4,53.7,75.9,37.3,9.6,4.1,28.1,51.9,23.2,41.0,222,0.57,2.7,6.7,1.1,2.8,58.1,0.57,2.8,6.9,1.16,2.9,50.0,46.7,49.4,49.8,29,37.9,66.1,9.6,2.3,7.0,67.4,73.8,50.1,53.9,83.7,32.1,4.7,2.9,26.7,41.6,12.8,32.2,143,0.4,2.0,4.9,0.65,1.6,62.6,0.44,2.2,5.3,0.82,2.0,49.0,50.0,40.8,48.2
Hard,Daniil Medvedev,Hugo Gaston,1,41,70.7,63.5,8.2,6.0,15.1,60.3,73.2,48.7,57.4,79.5,40.6,5.7,3.3,32.9,53.6,29.9,42.6,376,0.7,3.4,9.2,1.43,3.9,61.7,0.54,2.5,6.9,0.96,2.6,51.9,73.3,65.2,54.5,15,40.0,58.5,4.0,3.0,7.4,59.4,65.6,48.0,51.9,69.0,34.6,9.1,3.3,28.1,45.3,17.7,34.7,95,0.51,2.4,6.3,0.83,2.2,55.1,0.69,3.2,8.5,1.43,3.8,46.8,66.7,35.0,43.2
Hard,Jakub Mensik,Casper Ruud,1,29,58.6,64.5,13.2,4.0,10.1,60.2,75.5,47.8,53.2,82.6,35.4,8.4,3.9,26.7,49.7,18.9,37.6,205,0.5,2.3,7.1,0.88,2.7,65.9,0.51,2.4,7.2,0.81,2.4,50.1,53.1,55.7,50.7,43,60.5,67.5,8.4,2.7,8.1,66.0,74.6,53.8,58.5,86.7,35.0,10.8,3.5,25.4,49.9,19.9,39.4,254,0.51,2.3,5.9,0.91,2.3,64.6,0.38,1.7,4.4,0.61,1.6,51.3,47.6,56.4,53.4
Hard,Ben Shelton,Jannik Sinner,0,47,61.7,69.7,11.6,3.3,11.0,69.6,76.0,55.2,62.0,89.2,32.1,7.3,3.4,24.2,45.3,14.8,35.8,257,0.41,2.1,5.5,0.77,2.0,73.2,0.4,2.1,5.4,0.57,1.4,51.0,54.1,59.2,52.2,56,94.6,71.1,10.4,2.4,6.1,60.8,79.0,58.9,62.7,92.1,41.5,7.3,3.0,32.1,56.8,29.9,41.7,463,0.72,3.3,8.3,1.38,3.4,76.0,0.33,1.6,3.9,0.38,0.9,55.7,83.3,87.1,61.5
Hard,Alex Michelsen,Karen Khachanov,1,45,57.8,63.8,6.5,3.3,9.8,66.2,70.7,50.4,55.8,80.6,37.9,7.9,4.0,29.9,50.5,25.1,43.1,306,0.58,2.6,6.8,1.14,2.9,62.2,0.51,2.4,6.1,0.9,2.3,51.1,48.3,56.0,53.2,43,65.1,66.7,10.5,2.0,5.7,64.1,74.7,52.5,55.7,82.7,36.7,10.8,3.5,26.6,53.6,22.5,40.5,294,0.56,2.8,6.8,1.12,2.8,60.8,0.44,2.2,5.4,0.86,2.1,51.3,68.0,61.3,52.5
Hard,Gael Monfils,Lorenzo Sonego,1,30,56.7,65.3,10.8,5.3,13.3,59.8,74.4,51.6,59.5,82.9,36.4,4.5,3.0,31.0,45.7,20.9,38.2,212,0.55,2.7,7.1,1.01,2.7,65.5,0.49,2.4,6.5,0.84,2.2,50.9,61.1,55.0,52.1,29,37.9,66.1,9.6,2.3,7.0,67.4,73.8,50.1,53.9,83.7,32.1,4.7,2.9,26.7,41.6,12.8,32.2,143,0.4,2.0,4.9,0.65,1.6,62.6,0.44,2.2,5.3,0.82,2.0,49.0,50.0,40.8,48.2
Hard,Corentin Moutet,Jakub Mensik,0,11,27.3,57.9,2.4,3.0,8.4,64.9,64.9,44.9,49.1,67.5,37.0,4.8,3.3,31.4,47.0,22.0,38.4,73,0.57,2.8,6.6,1.08,2.5,55.1,0.72,3.4,8.1,1.54,3.6,47.4,37.5,30.8,44.4,29,58.6,64.5,13.2,4.0,10.1,60.2,75.5,47.8,53.2,82.6,35.4,8.4,3.9,26.7,49.7,18.9,37.6,205,0.5,2.3,7.1,0.88,2.7,65.9,0.51,2.4,7.2,0.81,2.4,50.1,53.1,55.7,50.7
Hard,Corentin Moutet,Laslo Djere,1,11,27.3,57.9,2.4,3.0,8.4,64.9,64.9,44.9,49.1,67.5,37.0,4.8,3.3,31.4,47.0,22.0,38.4,73,0.57,2.8,6.6,1.08,2.5,55.1,0.72,3.4,8.1,1.54,3.6,47.4,37.5,30.8,44.4,13,46.2,61.6,10.1,3.7,10.3,64.5,70.1,46.1,51.4,78.0,36.1,7.3,4.0,24.8,54.5,22.0,39.6,91,0.55,2.6,7.0,1.03,2.8,67.3,0.67,3.1,8.5,1.03,2.8,49.3,44.4,48.6,50.0
Hard,Lorenzo Musetti,Denis Shapovalov,1,33,48.5,62.8,4.6,2.5,6.8,63.3,69.2,51.7,55.5,75.4,36.4,8.6,4.0,26.4,52.4,19.8,32.5,255,0.61,2.9,7.7,0.95,2.5,54.8,0.55,2.6,7.0,1.2,3.2,49.3,55.6,47.1,47.6,33,54.5,67.5,12.4,7.5,19.3,61.0,78.6,50.2,62.2,86.7,37.7,5.5,3.8,31.5,49.1,22.4,37.6,229,0.6,3.0,6.9,1.12,2.6,65.3,0.38,1.9,4.5,0.66,1.5,52.1,33.3,55.8,54.6
Hard,Corentin Moutet,Learner Tien,0,11,27.3,57.9,2.4,3.0,8.4,64.9,64.9,44.9,49.1,67.5,37.0,4.8,3.3,31.4,47.0,22.0,38.4,73,0.57,2.8,6.6,1.08,2.5,55.1,0.72,3.4,8.1,1.54,3.6,47.4,37.5,30.8,44.4,10,60.0,61.8,4.3,2.1,6.6,67.5,65.7,53.9,57.7,75.4,35.5,9.7,2.0,26.4,52.6,21.0,38.8,67,0.54,1.9,6.7,0.72,2.6,64.8,0.7,2.4,8.8,0.86,3.1,48.8,62.5,50.0,48.4
Hard,Holger Rune,Matteo Berrettini,1,46,67.4,67.0,9.3,3.7,9.3,60.0,74.7,55.6,61.3,85.4,35.4,8.8,3.6,26.0,50.5,19.2,37.7,276,0.51,2.5,6.0,0.93,2.3,65.0,0.42,2.0,4.9,0.71,1.7,51.2,60.0,59.8,52.4,19,57.9,67.1,13.0,1.7,4.8,65.5,76.7,48.8,51.3,86.5,34.3,6.5,2.5,27.8,44.7,18.4,38.9,108,0.47,2.3,5.7,0.91,2.2,69.0,0.44,2.2,5.3,0.67,1.6,50.7,50.0,58.7,52.5
Hard,Alexandre Muller,Nuno Borges,0,21,42.9,62.2,5.4,2.4,6.9,65.2,68.7,50.1,53.8,75.8,37.1,11.4,4.1,26.7,53.0,23.6,44.0,134,0.54,2.6,6.4,1.16,2.8,57.6,0.57,2.8,6.9,1.2,2.9,50.0,45.5,45.1,49.8,29,44.8,62.7,8.0,4.0,10.1,60.9,71.4,49.1,54.6,75.7,37.2,7.8,4.4,26.4,53.9,19.9,36.0,203,0.55,2.7,7.0,0.96,2.5,56.7,0.56,2.7,7.0,1.16,3.0,49.7,52.9,46.1,47.6
Hard,Jaume Munar,Casper Ruud,0,11,18.2,59.9,4.7,4.4,12.2,63.9,68.7,44.3,50.5,73.2,39.3,7.1,3.4,30.6,52.5,24.0,40.2,87,0.6,2.8,7.9,1.13,3.2,59.6,0.66,3.2,9.0,1.29,3.6,49.4,0.0,35.5,48.8,43,60.5,67.5,8.4,2.7,8.1,66.0,74.6,53.8,58.5,86.7,35.0,10.8,3.5,25.4,49.9,19.9,39.4,254,0.51,2.3,5.9,0.91,2.3,64.6,0.38,1.7,4.4,0.61,1.6,51.3,47.6,56.4,53.4
Hard,Lorenzo Musetti,Matteo Arnaldi,1,33,48.5,62.8,4.6,2.5,6.8,63.3,69.2,51.7,55.5,75.4,36.4,8.6,4.0,26.4,52.4,19.8,32.5,255,0.61,2.9,7.7,0.95,2.5,54.8,0.55,2.6,7.0,1.2,3.2,49.3,55.6,47.1,47.6,33,54.5,62.3,8.5,3.7,8.4,56.4,72.0,49.8,54.4,78.0,36.5,5.2,2.9,29.8,47.5,21.1,38.6,233,0.55,2.7,7.1,1.03,2.7,58.5,0.53,2.6,6.9,1.09,2.9,49.6,61.1,54.0,49.7
Hard,Lorenzo Musetti,Ben Shelton,0,33,48.5,62.8,4.6,2.5,6.8,63.3,69.2,51.7,55.5,75.4,36.4,8.6,4.0,26.4,52.4,19.8,32.5,255,0.61,2.9,7.7,0.95,2.5,54.8,0.55,2.6,7.0,1.2,3.2,49.3,55.6,47.1,47.6,47,61.7,69.7,11.6,3.3,11.0,69.6,76.0,55.2,62.0,89.2,32.1,7.3,3.4,24.2,45.3,14.8,35.8,257,0.41,2.1,5.5,0.77,2.0,73.2,0.4,2.1,5.4,0.57,1.4,51.0,54.1,59.2,52.2
Hard,Mattia Bellucci,Tomas Machac,0,12,50.0,65.0,13.0,3.3,9.4,65.0,71.7,52.5,57.9,79.9,33.5,12.8,2.5,26.8,44.8,15.7,33.8,65,0.46,2.2,5.4,0.73,1.8,68.2,0.63,2.9,7.3,0.93,2.3,49.5,66.7,50.0,47.7,39,59.0,65.1,7.3,3.6,9.3,61.4,73.4,51.9,57.2,82.8,36.0,9.5,3.3,27.5,48.9,21.5,41.8,239,0.51,2.5,6.1,1.04,2.6,64.3,0.48,2.3,5.7,0.83,2.1,50.7,57.9,60.4,52.2
Hard,Luca Nardi,Gabriel Diallo,0,7,28.6,56.6,3.8,6.3,16.3,61.6,66.4,40.9,48.9,66.7,35.4,6.8,4.0,23.9,52.3,18.5,35.7,42,0.52,2.3,6.0,0.83,2.1,53.3,0.71,3.3,8.6,1.56,4.0,46.3,0.0,27.8,43.0,14,57.1,62.6,10.5,3.0,9.4,68.6,70.2,46.2,51.0,80.5,37.3,5.4,3.5,32.4,45.6,21.8,35.3,116,0.62,3.1,8.3,1.11,2.9,59.8,0.48,2.5,6.6,1.0,2.6,50.1,37.5,54.1,51.3
Hard,Kei Nishikori,Aleksandar Kovacevic,1,13,53.8,64.1,2.9,1.7,5.1,65.9,69.0,54.8,57.7,80.6,36.1,9.0,3.7,25.5,51.8,20.0,34.6,81,0.58,2.7,6.2,0.93,2.2,61.4,0.5,2.3,5.4,0.9,2.1,49.8,0.0,50.0,50.2,22,31.8,64.6,13.0,4.9,11.8,58.7,76.0,48.4,54.8,82.0,31.8,12.7,2.9,24.0,43.6,13.6,34.2,114,0.4,2.0,5.2,0.68,1.8,69.1,0.58,2.9,7.5,0.89,2.3,48.5,28.6,35.1,47.7
Hard,Gael Monfils,Taylor Fritz,1,30,56.7,65.3,10.8,5.3,13.3,59.8,74.4,51.6,59.5,82.9,36.4,4.5,3.0,31.0,45.7,20.9,38.2,212,0.55,2.7,7.1,1.01,2.7,65.5,0.49,2.4,6.5,0.84,2.2,50.9,61.1,55.0,52.1,42,66.7,68.6,12.5,2.7,7.0,61.5,76.9,55.3,59.5,88.0,36.3,8.0,4.2,26.9,50.7,21.0,39.1,289,0.54,2.6,6.9,1.01,2.7,69.9,0.4,2.0,5.2,0.59,1.6,52.3,64.7,64.3,54.8
Hard,Ben Shelton,Lorenzo Sonego,1,47,61.7,69.7,11.6,3.3,11.0,69.6,76.0,55.2,62.0,89.2,32.1,7.3,3.4,24.2,45.3,14.8,35.8,257,0.41,2.1,5.5,0.77,2.0,73.2,0.4,2.1,5.4,0.57,1.4,51.0,54.1,59.2,52.2,29,37.9,66.1,9.6,2.3,7.0,67.4,73.8,50.1,53.9,83.7,32.1,4.7,2.9,26.7,41.6,12.8,32.2,143,0.4,2.0,4.9,0.65,1.6,62.6,0.44,2.2,5.3,0.82,2.0,49.0,50.0,40.8,48.2
Hard,Kei Nishikori,Tommy Paul,0,13,53.8,64.1,2.9,1.7,5.1,65.9,69.0,54.8,57.7,80.6,36.1,9.0,3.7,25.5,51.8,20.0,34.6,81,0.58,2.7,6.2,0.93,2.2,61.4,0.5,2.3,5.4,0.9,2.1,49.8,0.0,50.0,50.2,38,65.8,64.7,7.5,2.3,5.9,60.1,71.9,53.8,57.2,82.0,40.5,5.4,2.9,33.2,52.0,27.7,40.7,305,0.68,3.1,8.0,1.28,3.3,65.7,0.52,2.4,6.2,0.84,2.1,52.5,53.3,64.9,54.9
Hard,Jannik Sinner,Zizou Bergs,1,56,94.6,71.1,10.4,2.4,6.1,60.8,79.0,58.9,62.7,92.1,41.5,7.3,3.0,32.1,56.8,29.9,41.7,463,0.72,3.3,8.3,1.38,3.4,76.0,0.33,1.6,3.9,0.38,0.9,55.7,83.3,87.1,61.5,23,56.5,65.2,9.2,3.9,10.0,60.7,73.5,52.4,58.3,81.8,36.3,5.8,3.6,28.1,49.3,18.6,34.5,165,0.54,2.6,7.2,0.9,2.5,62.3,0.48,2.3,6.3,0.87,2.4,50.4,50.0,54.0,50.0
Hard,Yoshihito Nishioka,Carlos Alcaraz,0,24,54.2,63.1,3.4,1.6,4.2,62.9,68.6,53.8,56.1,79.0,36.1,13.5,3.8,26.3,51.9,21.0,39.2,143,0.54,2.3,6.0,0.92,2.3,58.6,0.51,2.2,5.5,0.9,2.3,49.6,66.7,55.7,49.7,37,78.4,70.5,7.5,2.4,6.6,64.5,76.6,59.4,63.6,89.0,40.6,6.0,3.3,33.7,53.0,27.8,40.2,286,0.69,3.2,7.7,1.29,3.1,64.1,0.31,1.4,3.5,0.52,1.2,54.4,53.3,73.0,58.5
Hard,Tommy Paul,Damir Dzumhur,1,38,65.8,64.7,7.5,2.3,5.9,60.1,71.9,53.8,57.2,82.0,40.5,5.4,2.9,33.2,52.0,27.7,40.7,305,0.68,3.1,8.0,1.28,3.3,65.7,0.52,2.4,6.2,0.84,2.1,52.5,53.3,64.9,54.9,6,33.3,58.8,0.7,3.3,9.1,63.9,65.1,47.5,52.2,70.5,38.5,6.0,3.8,32.3,47.7,26.2,44.0,25,0.6,1.8,4.2,0.79,1.8,43.5,0.52,1.6,3.8,0.93,2.2,48.8,0.0,35.7,48.8
Hard,Holger Rune,Miomir Kecmanovic,1,46,67.4,67.0,9.3,3.7,9.3,60.0,74.7,55.6,61.3,85.4,35.4,8.8,3.6,26.0,50.5,19.2,37.7,276,0.51,2.5,6.0,0.93,2.3,65.0,0.42,2.0,4.9,0.71,1.7,51.2,60.0,59.8,52.4,34,44.1,63.5,5.4,2.9,7.4,60.8,70.0,53.4,57.6,78.5,36.0,9.7,3.5,26.1,51.7,19.5,37.0,230,0.53,2.5,6.8,0.93,2.5,53.9,0.47,2.2,6.0,1.03,2.8,49.5,33.3,45.1,49.1
Hard,Jannik Sinner,Holger Rune,1,56,94.6,71.1,10.4,2.4,6.1,60.8,79.0,58.9,62.7,92.1,41.5,7.3,3.0,32.1,56.8,29.9,41.7,463,0.72,3.3,8.3,1.38,3.4,76.0,0.33,1.6,3.9,0.38,0.9,55.7,83.3,87.1,61.5,46,67.4,67.0,9.3,3.7,9.3,60.0,74.7,55.6,61.3,85.4,35.4,8.8,3.6,26.0,50.5,19.2,37.7,276,0.51,2.5,6.0,0.93,2.3,65.0,0.42,2.0,4.9,0.71,1.7,51.2,60.0,59.8,52.4
Hard,Tommy Paul,Alejandro Davidovich Fokina,1,38,65.8,64.7,7.5,2.3,5.9,60.1,71.9,53.8,57.2,82.0,40.5,5.4,2.9,33.2,52.0,27.7,40.7,305,0.68,3.1,8.0,1.28,3.3,65.7,0.52,2.4,6.2,0.84,2.1,52.5,53.3,64.9,54.9,32,50.0,63.4,6.6,3.1,9.4,66.9,69.4,51.5,56.8,80.0,37.2,9.8,3.8,27.8,50.6,22.4,41.3,213,0.54,2.7,6.7,1.1,2.8,63.6,0.55,2.7,6.8,0.99,2.5,50.3,33.3,50.0,51.3
Hard,Alexei Popyrin,Corentin Moutet,0,32,65.6,66.6,12.4,3.8,10.1,62.2,76.2,50.8,56.5,85.6,36.1,9.3,4.6,27.8,49.7,20.2,34.3,233,0.59,2.9,7.3,1.0,2.5,69.5,0.47,2.3,5.8,0.71,1.8,51.3,55.0,61.3,52.8,11,27.3,57.9,2.4,3.0,8.4,64.9,64.9,44.9,49.1,67.5,37.0,4.8,3.3,31.4,47.0,22.0,38.4,73,0.57,2.8,6.6,1.08,2.5,55.1,0.72,3.4,8.1,1.54,3.6,47.4,37.5,30.8,44.4
Hard,Tommy Paul,Roberto Carballes Baena,1,38,65.8,64.7,7.5,2.3,5.9,60.1,71.9,53.8,57.2,82.0,40.5,5.4,2.9,33.2,52.0,27.7,40.7,305,0.68,3.1,8.0,1.28,3.3,65.7,0.52,2.4,6.2,0.84,2.1,52.5,53.3,64.9,54.9,22,45.5,63.2,5.4,3.3,8.8,62.6,70.7,50.6,55.5,77.6,37.2,7.2,3.2,28.0,51.6,19.6,34.0,150,0.58,2.7,6.8,0.93,2.3,60.9,0.57,2.7,6.9,1.07,2.7,50.1,50.0,45.5,48.8
Hard,Holger Rune,Damir Dzumhur,1,46,67.4,67.0,9.3,3.7,9.3,60.0,74.7,55.6,61.3,85.4,35.4,8.8,3.6,26.0,50.5,19.2,37.7,276,0.51,2.5,6.0,0.93,2.3,65.0,0.42,2.0,4.9,0.71,1.7,51.2,60.0,59.8,52.4,6,33.3,58.8,0.7,3.3,9.1,63.9,65.1,47.5,52.2,70.5,38.5,6.0,3.8,32.3,47.7,26.2,44.0,25,0.6,1.8,4.2,0.79,1.8,43.5,0.52,1.6,3.8,0.93,2.2,48.8,0.0,35.7,48.8
Hard,Alex De Minaur,Jannik Sinner,0,45,66.7,64.8,7.0,3.5,7.7,54.4,73.5,54.3,58.9,82.4,40.4,6.8,3.4,30.5,55.0,27.6,45.2,334,0.61,2.8,7.4,1.28,3.4,62.2,0.46,2.1,5.6,0.81,2.1,52.2,63.6,62.7,54.8,56,94.6,71.1,10.4,2.4,6.1,60.8,79.0,58.9,62.7,92.1,41.5,7.3,3.0,32.1,56.8,29.9,41.7,463,0.72,3.3,8.3,1.38,3.4,76.0,0.33,1.6,3.9,0.38,0.9,55.7,83.3,87.1,61.5
Hard,Juncheng Shang,Alejandro Davidovich Fokina,0,37,56.8,63.4,5.1,3.1,8.0,60.7,70.5,52.4,56.9,79.1,37.1,10.5,3.2,28.9,50.8,21.5,34.0,285,0.63,2.9,7.7,0.99,2.6,62.8,0.56,2.6,6.8,0.96,2.5,50.2,65.0,57.1,50.2,32,50.0,63.4,6.6,3.1,9.4,66.9,69.4,51.5,56.8,80.0,37.2,9.8,3.8,27.8,50.6,22.4,41.3,213,0.54,2.7,6.7,1.1,2.8,63.6,0.55,2.7,6.8,0.99,2.5,50.3,33.3,50.0,51.3
Hard,Ben Shelton,Brandon Nakashima,1,47,61.7,69.7,11.6,3.3,11.0,69.6,76.0,55.2,62.0,89.2,32.1,7.3,3.4,24.2,45.3,14.8,35.8,257,0.41,2.1,5.5,0.77,2.0,73.2,0.4,2.1,5.4,0.57,1.4,51.0,54.1,59.2,52.2,30,53.3,68.1,12.1,1.4,4.3,66.5,74.4,55.7,58.2,87.3,32.9,10.3,3.6,24.3,47.1,15.7,36.3,157,0.43,2.1,5.2,0.76,1.9,68.1,0.4,1.9,4.8,0.61,1.5,50.4,50.0,54.7,51.5
Hard,Alexander Zverev,Ugo Humbert,1,52,75.0,70.2,11.4,2.7,9.1,70.6,76.2,55.9,61.5,90.3,37.2,7.7,2.5,28.9,51.3,21.1,39.2,380,0.54,2.7,7.3,1.05,2.9,72.3,0.35,1.8,4.8,0.49,1.3,53.2,57.6,69.0,55.9,42,69.0,67.6,9.4,2.4,6.8,63.9,74.0,56.3,60.4,87.6,37.0,8.1,3.7,27.5,52.1,23.1,39.4,297,0.59,2.8,7.1,1.08,2.8,68.0,0.39,1.9,4.8,0.59,1.5,52.4,23.1,64.8,55.7
Hard,Ben Shelton,Pablo Carreno Busta,1,47,61.7,69.7,11.6,3.3,11.0,69.6,76.0,55.2,62.0,89.2,32.1,7.3,3.4,24.2,45.3,14.8,35.8,257,0.41,2.1,5.5,0.77,2.0,73.2,0.4,2.1,5.4,0.57,1.4,51.0,54.1,59.2,52.2,14,57.1,62.6,5.8,3.9,10.4,62.0,69.1,52.0,58.1,76.0,38.4,10.0,2.7,29.5,50.3,28.0,50.0,84,0.56,2.5,6.0,1.27,3.0,55.0,0.53,2.4,5.7,1.09,2.6,50.8,33.3,51.5,52.0
Hard,Alexander Shevchenko,Carlos Alcaraz,0,32,46.9,61.4,7.6,3.7,9.1,59.7,70.2,48.4,53.2,75.4,36.0,8.4,3.2,28.0,50.2,19.1,39.0,187,0.49,2.3,5.8,0.89,2.3,57.8,0.58,2.7,7.0,1.15,2.9,48.9,68.8,45.1,47.2,37,78.4,70.5,7.5,2.4,6.6,64.5,76.6,59.4,63.6,89.0,40.6,6.0,3.3,33.7,53.0,27.8,40.2,286,0.69,3.2,7.7,1.29,3.1,64.1,0.31,1.4,3.5,0.52,1.2,54.4,53.3,73.0,58.5
Hard,Jannik Sinner,Alexander Zverev,1,56,94.6,71.1,10.4,2.4,6.1,60.8,79.0,58.9,62.7,92.1,41.5,7.3,3.0,32.1,56.8,29.9,41.7,463,0.72,3.3,8.3,1.38,3.4,76.0,0.33,1.6,3.9,0.38,0.9,55.7,83.3,87.1,61.5,52,75.0,70.2,11.4,2.7,9.1,70.6,76.2,55.9,61.5,90.3,37.2,7.7,2.5,28.9,51.3,21.1,39.2,380,0.54,2.7,7.3,1.05,2.9,72.3,0.35,1.8,4.8,0.49,1.3,53.2,57.6,69.0,55.9
Hard,Lorenzo Sonego,James Duckworth,1,29,37.9,66.1,9.6,2.3,7.0,67.4,73.8,50.1,53.9,83.7,32.1,4.7,2.9,26.7,41.6,12.8,32.2,143,0.4,2.0,4.9,0.65,1.6,62.6,0.44,2.2,5.3,0.82,2.0,49.0,50.0,40.8,48.2,16,31.3,65.5,9.8,3.3,8.3,60.5,74.1,52.4,57.1,80.7,30.5,14.1,2.7,21.7,44.5,10.7,33.3,63,0.32,1.5,3.9,0.51,1.3,60.8,0.49,2.4,6.1,0.93,2.4,48.1,75.0,39.0,45.8
Hard,Alexander Zverev,Pedro Martinez,1,52,75.0,70.2,11.4,2.7,9.1,70.6,76.2,55.9,61.5,90.3,37.2,7.7,2.5,28.9,51.3,21.1,39.2,380,0.54,2.7,7.3,1.05,2.9,72.3,0.35,1.8,4.8,0.49,1.3,53.2,57.6,69.0,55.9,15,26.7,58.8,5.0,5.6,15.9,64.7,65.3,46.9,55.7,69.2,35.9,12.4,3.6,24.5,53.7,19.4,40.7,81,0.48,2.3,5.4,0.92,2.2,50.5,0.62,2.9,7.0,1.44,3.5,47.5,33.3,30.6,44.2
Hard,Jan Lennard Struff,Felix Auger Aliassime,0,23,39.1,64.6,10.8,4.4,10.9,59.3,76.3,47.7,53.5,82.4,34.8,12.8,4.5,25.4,48.8,14.8,31.3,160,0.47,2.4,7.0,0.76,2.2,67.9,0.55,2.8,8.0,0.89,2.6,49.6,54.5,43.9,48.4,30,50.0,65.3,11.7,6.0,16.0,62.1,74.1,50.9,60.6,82.7,36.6,7.3,4.1,29.5,48.5,19.9,39.3,183,0.51,2.4,6.1,0.96,2.4,62.3,0.46,2.2,5.6,0.84,2.1,50.7,33.3,50.7,51.4
Hard,Jordan Thompson,Yoshihito Nishioka,1,44,63.6,66.0,10.1,1.4,3.5,59.7,74.3,53.7,55.7,81.9,37.5,6.6,4.4,30.1,49.4,21.9,39.1,297,0.56,2.7,6.8,1.05,2.6,64.3,0.51,2.4,6.1,0.87,2.2,51.4,75.0,60.9,51.9,24,54.2,63.1,3.4,1.6,4.2,62.9,68.6,53.8,56.1,79.0,36.1,13.5,3.8,26.3,51.9,21.0,39.2,143,0.54,2.3,6.0,0.92,2.3,58.6,0.51,2.2,5.5,0.9,2.3,49.6,66.7,55.7,49.7
Hard,Frances Tiafoe,Arthur Rinderknech,1,41,58.5,65.9,10.4,2.9,7.0,58.3,75.0,53.2,57.2,82.9,35.7,13.6,4.1,27.0,49.8,19.1,36.7,278,0.52,2.6,6.8,0.94,2.5,63.3,0.47,2.3,6.0,0.84,2.2,50.7,53.8,54.6,50.8,27,51.9,66.4,13.6,2.6,7.1,64.2,75.8,49.5,53.3,83.0,32.9,9.7,3.3,24.2,46.6,15.8,32.3,167,0.49,2.4,6.2,0.78,2.0,64.6,0.48,2.3,6.0,0.83,2.1,49.5,56.3,49.3,49.1
Hard,Camilo Ugo Carabelli,Learner Tien,0,2,0.0,46.6,2.7,6.1,11.5,47.3,58.6,35.9,40.6,39.1,36.5,10.9,2.9,30.4,44.8,25.0,60.0,10,0.42,2.0,5.0,1.2,3.0,48.1,1.17,5.4,13.5,2.8,7.0,41.8,50.0,0.0,31.9,10,60.0,61.8,4.3,2.1,6.6,67.5,65.7,53.9,57.7,75.4,35.5,9.7,2.0,26.4,52.6,21.0,38.8,67,0.54,1.9,6.7,0.72,2.6,64.8,0.7,2.4,8.8,0.86,3.1,48.8,62.5,50.0,48.4
Hard,Stefanos Tsitsipas,Alex Michelsen,0,35,60.0,66.1,9.9,3.7,8.9,58.2,75.4,53.1,58.2,86.1,34.5,7.7,3.0,26.4,46.7,19.4,39.4,208,0.49,2.4,5.9,0.94,2.3,70.1,0.47,2.3,5.7,0.69,1.7,50.9,53.3,57.5,53.2,45,57.8,63.8,6.5,3.3,9.8,66.2,70.7,50.4,55.8,80.6,37.9,7.9,4.0,29.9,50.5,25.1,43.1,306,0.58,2.6,6.8,1.14,2.9,62.2,0.51,2.4,6.1,0.9,2.3,51.1,48.3,56.0,53.2
Hard,Alexander Zverev,Tommy Paul,1,52,75.0,70.2,11.4,2.7,9.1,70.6,76.2,55.9,61.5,90.3,37.2,7.7,2.5,28.9,51.3,21.1,39.2,380,0.54,2.7,7.3,1.05,2.9,72.3,0.35,1.8,4.8,0.49,1.3,53.2,57.6,69.0,55.9,38,65.8,64.7,7.5,2.3,5.9,60.1,71.9,53.8,57.2,82.0,40.5,5.4,2.9,33.2,52.0,27.7,40.7,305,0.68,3.1,8.0,1.28,3.3,65.7,0.52,2.4,6.2,0.84,2.1,52.5,53.3,64.9,54.9
Hard,Aleksandar Vukic,Damir Dzumhur,1,24,41.7,63.8,12.6,2.4,5.8,58.1,73.7,50.1,53.2,78.3,33.3,9.0,3.6,25.0,46.2,14.9,35.2,125,0.42,2.1,5.2,0.73,1.8,57.7,0.51,2.5,6.2,1.05,2.6,48.6,75.0,43.3,46.3,6,33.3,58.8,0.7,3.3,9.1,63.9,65.1,47.5,52.2,70.5,38.5,6.0,3.8,32.3,47.7,26.2,44.0,25,0.6,1.8,4.2,0.79,1.8,43.5,0.52,1.6,3.8,0.93,2.2,48.8,0.0,35.7,48.8
Hard,Alexander Zverev,Aleksandar Kovacevic,1,52,75.0,70.2,11.4,2.7,9.1,70.6,76.2,55.9,61.5,90.3,37.2,7.7,2.5,28.9,51.3,21.1,39.2,380,0.54,2.7,7.3,1.05,2.9,72.3,0.35,1.8,4.8,0.49,1.3,53.2,57.6,69.0,55.9,22,31.8,64.6,13.0,4.9,11.8,58.7,76.0,48.4,54.8,82.0,31.8,12.7,2.9,24.0,43.6,13.6,34.2,114,0.4,2.0,5.2,0.68,1.8,69.1,0.58,2.9,7.5,0.89,2.3,48.5,28.6,35.1,47.7
