Elo Rank,Player,Age,Elo,Unnamed: 4,hElo Rank,hElo,cElo Rank,cElo,gElo Rank,gElo,Unnamed: 11,Peak Elo,Peak Month,Unnamed: 14,ATP Rank,Log diff
1,Jannik Sinner,23.4,2209.6,,1,2175.7,3,2036.3,3,1964.0,,2329.6,2025-01,,1.0,0.0
2,Carlos Alcaraz,21.9,2165.9,,3,2088.7,1,2126.0,1,2075.0,,2243.6,2023-08,,3.0,-0.41
3,Novak Djokovic,37.9,2147.8,,2,2107.8,2,2060.2,2,2030.4,,2463.2,2016-05,,6.0,-0.69
4,Jack Draper,23.3,2084.8,,4,2028.3,9,1931.1,5,1892.2,,2103.8,2025-04,,5.0,-0.22
5,Alexander Zverev,28.0,2069.7,,5,2025.8,4,2010.2,7,1883.5,,2176.5,2022-01,,2.0,0.92
6,Taylor Fritz,27.4,2017.2,,6,1967.5,10,1925.2,9,1875.9,,2054.0,2025-01,,4.0,0.41
7,Daniil Medvedev,29.1,2002.1,,7,1960.6,12,1922.5,4,1897.0,,2201.2,2022-01,,11.0,-0.45
8,Alex De Minaur,26.1,1999.3,,9,1935.2,16,1901.8,11,1834.6,,2053.1,2024-06,,8.0,0.0
9,Lorenzo Musetti,23.1,1999.0,,23,1867.7,6,1972.0,6,1890.8,,2007.8,2025-04,,9.0,0.0
10,Grigor Dimitrov,33.9,1989.5,,8,1942.7,15,1905.4,13,1815.6,,2111.5,2014-08,,15.0,-0.41
11,Casper Ruud,26.3,1988.1,,16,1896.2,5,1984.3,36,1717.3,,2071.9,2022-05,,7.0,0.45
12,Tommy Paul,27.9,1980.2,,10,1920.4,17,1879.9,8,1878.2,,2008.2,2024-08,,12.0,0.0
13,Holger Rune,21.9,1967.6,,12,1914.5,11,1922.9,14,1813.7,,2082.0,2023-05,,10.0,0.26
14,Stefanos Tsitsipas,26.6,1956.6,,18,1891.8,7,1966.6,18,1782.3,,2145.1,2021-05,,19.0,-0.31
15,Matteo Berrettini,29.0,1956.4,,21,1875.0,8,1940.1,10,1874.2,,2065.7,2022-07,,30.0,-0.69
16,Arthur Fils,20.8,1953.9,,19,1887.5,13,1913.0,15,1813.0,,1985.4,2025-04,,14.0,0.13
17,Jakub Mensik,19.6,1951.1,,11,1917.0,24,1821.8,52,1677.4,,1968.7,2025-04,,21.0,-0.21
18,Francisco Cerundolo,26.6,1949.9,,20,1876.8,14,1912.1,27,1733.6,,1961.6,2025-04,,18.0,0.0
19,Tomas Machac,24.5,1943.7,,13,1912.6,27,1805.6,26,1736.4,,1972.7,2025-04,,20.0,-0.05
20,Gael Monfils,38.6,1931.3,,17,1894.3,44,1753.6,31,1724.4,,2087.1,2016-10,,43.0,-0.77
21,Joao Fonseca,18.6,1926.9,,14,1910.3,28,1804.3,66,1644.0,,1992.5,2025-03,,65.0,-1.13
22,Ben Shelton,22.5,1925.7,,22,1874.6,23,1827.1,28,1733.4,,1975.5,2024-10,,13.0,0.53
23,Hubert Hurkacz,28.1,1914.6,,25,1862.3,19,1856.7,12,1825.0,,2022.5,2024-06,,31.0,-0.3
24,Ugo Humbert,26.8,1912.8,,15,1904.5,38,1764.1,21,1766.3,,2017.7,2024-03,,22.0,0.09
25,Tallon Griekspoor,28.8,1912.6,,24,1866.9,25,1811.8,16,1787.1,,1936.3,2025-03,,35.0,-0.34
26,Alejandro Davidovich Fokina,25.8,1911.8,,29,1845.1,20,1848.0,56,1668.3,,1931.2,2021-05,,26.0,0.0
27,Andrey Rublev,27.5,1894.6,,26,1860.1,18,1860.5,17,1786.1,,2122.1,2021-04,,17.0,0.46
28,Jiri Lehecka,23.4,1894.4,,28,1853.0,39,1761.1,42,1697.2,,1966.5,2025-02,,38.0,-0.31
29,Karen Khachanov,28.9,1892.1,,31,1841.7,21,1841.4,39,1709.1,,2029.5,2018-10,,24.0,0.19
30,Sebastian Korda,24.7,1884.3,,30,1842.9,48,1748.0,19,1774.3,,2020.7,2023-01,,23.0,0.27
31,Denis Shapovalov,26.0,1883.6,,27,1856.3,37,1766.5,30,1726.2,,1983.2,2020-01,,28.0,0.1
32,Thanasi Kokkinakis,28.7,1872.6,,34,1822.4,34,1771.4,67,1643.4,,1890.3,2015-06,,112.0,-1.25
33,Rafael Nadal,38.4,1868.6,,42,1775.2,22,1835.9,48,1684.3,,2361.9,2009-05,,,
34,Jordan Thompson,30.9,1867.1,,32,1829.1,109,1643.7,20,1772.4,,1891.2,2024-12,,41.0,-0.19
35,Alex Michelsen,20.6,1864.1,,35,1812.1,73,1706.8,34,1721.7,,1904.8,2025-01,,32.0,0.09
36,Matteo Arnaldi,24.1,1860.9,,37,1805.7,26,1809.7,54,1672.2,,1902.9,2024-06,,37.0,-0.03
37,Frances Tiafoe,27.2,1852.2,,36,1805.8,33,1774.0,23,1747.5,,1974.0,2023-06,,16.0,0.84
38,Felix Auger Aliassime,24.7,1849.3,,33,1825.9,30,1790.5,40,1708.1,,2062.7,2022-10,,27.0,0.34
39,Jacob Fearnley,23.7,1843.0,,40,1782.3,69,1713.2,37,1716.6,,1910.0,2024-10,,57.0,-0.38
40,Brandon Nakashima,23.7,1834.9,,39,1796.5,46,1749.9,32,1723.6,,1909.5,2024-09,,29.0,0.32
41,Marcos Giron,31.7,1834.3,,38,1797.9,89,1672.8,22,1756.0,,1874.1,2025-03,,45.0,-0.09
42,Alexei Popyrin,25.7,1826.7,,46,1773.0,41,1760.2,50,1683.2,,1902.2,2024-10,,25.0,0.52
43,Nuno Borges,28.1,1823.8,,44,1775.0,32,1777.0,99,1595.9,,1843.6,2025-03,,40.0,0.07
44,Jenson Brooksby,24.4,1819.9,,43,1775.1,49,1746.6,51,1679.3,,2005.3,2022-03,,166.0,-1.33
45,Colton Smith,22.0,1817.5,,48,1757.4,117,1621.0,88,1608.7,,1835.1,2025-03,,162.0,-1.28
46,Zizou Bergs,25.8,1813.6,,41,1779.3,65,1716.1,46,1688.6,,1859.2,2025-03,,50.0,-0.08
47,Hamad Medjedovic,21.7,1812.7,,45,1773.3,47,1749.4,61,1654.2,,1844.3,2025-04,,72.0,-0.43
48,Flavio Cobolli,22.9,1808.0,,65,1728.9,36,1768.2,86,1610.3,,1889.7,2024-12,,34.0,0.34
49,Borna Coric,28.4,1805.8,,51,1749.7,35,1769.8,57,1666.0,,2011.6,2019-01,,84.0,-0.54
50,Gabriel Diallo,23.5,1804.6,,57,1743.0,51,1740.1,103,1585.0,,1812.3,2025-04,,54.0,-0.08
51,Yoshihito Nishioka,29.4,1802.8,,47,1764.6,81,1687.4,68,1643.1,,1884.7,2023-01,,74.0,-0.37
52,Miomir Kecmanovic,25.6,1800.7,,52,1748.1,52,1739.1,58,1665.5,,1900.6,2022-04,,47.0,0.1
53,Fabian Marozsan,25.5,1799.9,,61,1736.9,61,1724.2,96,1599.5,,1867.2,2024-04,,61.0,-0.14
54,Laslo Djere,29.8,1795.4,,76,1697.2,29,1791.5,89,1608.3,,1854.6,2023-09,,64.0,-0.17
55,Roman Safiullin,27.7,1792.6,,50,1752.1,63,1720.2,41,1699.0,,1911.3,2024-01,,77.0,-0.34
56,Reilly Opelka,27.6,1791.2,,49,1756.0,54,1732.6,70,1637.4,,1927.5,2022-04,,94.0,-0.52
57,Ethan Quinn,21.1,1790.9,,71,1716.9,110,1637.1,74,1623.5,,1802.5,2025-04,,114.0,-0.69
58,Marin Cilic,36.5,1786.5,,59,1740.4,55,1731.3,24,1742.7,,2100.4,2010-02,,109.0,-0.63
59,Alexander Bublik,27.8,1785.9,,67,1727.9,66,1715.7,25,1739.3,,1904.1,2024-02,,76.0,-0.25
60,Kamil Majchrzak,29.2,1783.7,,70,1717.7,40,1760.4,47,1684.7,,1810.1,2025-04,,89.0,-0.39
61,David Goffin,34.3,1782.6,,60,1740.2,60,1725.9,33,1723.4,,2048.7,2017-04,,48.0,0.24
62,Juncheng Shang,19.9,1781.5,,63,1733.3,97,1658.1,55,1668.6,,1895.7,2024-09,,67.0,-0.08
63,Kei Nishikori,35.3,1779.8,,53,1745.3,101,1652.8,73,1624.1,,2194.2,2016-08,,62.0,0.02
64,Marton Fucsovics,33.1,1777.5,,66,1728.5,56,1731.3,35,1719.5,,1924.2,2021-03,,134.0,-0.74
65,Christopher Oconnell,30.8,1777.2,,58,1740.8,78,1689.6,59,1659.0,,1814.1,2025-03,,81.0,-0.22
66,Cameron Norrie,29.6,1773.2,,64,1732.0,42,1758.0,45,1689.7,,2028.6,2022-08,,91.0,-0.32
67,Roberto Bautista Agut,37.0,1772.5,,72,1713.5,59,1726.8,29,1732.2,,2033.8,2016-02,,56.0,0.18
68,Giovanni Mpetshi Perricard,21.7,1771.7,,56,1743.8,105,1650.6,43,1696.4,,1862.8,2024-12,,36.0,0.64
69,Lorenzo Sonego,29.9,1770.8,,62,1733.9,75,1701.5,60,1656.4,,1895.3,2021-05,,44.0,0.45
70,Alexandre Muller,28.2,1768.3,,81,1691.7,53,1735.6,102,1590.4,,1780.8,2025-02,,39.0,0.58
71,Sebastian Baez,24.3,1765.5,,130,1610.3,31,1785.8,130,1553.3,,1941.4,2022-07,,33.0,0.77
72,Pablo Carreno Busta,33.7,1762.1,,54,1744.4,50,1742.0,111,1578.8,,2005.1,2021-08,,98.0,-0.31
73,Quentin Halys,28.4,1760.2,,69,1720.1,88,1674.5,44,1695.1,,1811.4,2023-04,,52.0,0.34
74,Lucas Pouille,30.9,1758.9,,73,1711.4,83,1680.8,49,1683.7,,1987.7,2017-06,,113.0,-0.42
75,Learner Tien,19.3,1757.6,,55,1744.0,206,1507.0,112,1578.8,,1888.2,2025-02,,70.0,0.07
76,Jason Kubler,31.9,1755.8,,74,1702.8,95,1659.7,38,1715.0,,1790.0,2022-07,,232.0,-1.12
77,Mariano Navone,24.1,1755.4,,151,1579.1,45,1750.4,172,1514.1,,1875.9,2024-04,,99.0,-0.25
78,Luciano Darderi,23.1,1754.3,,197,1523.8,43,1753.9,121,1563.4,,1857.0,2024-06,,46.0,0.53
79,Alejandro Tabilo,27.8,1750.5,,83,1689.6,67,1714.5,53,1673.7,,1895.7,2024-07,,42.0,0.63
80,Tomas Martin Etcheverry,25.7,1750.5,,85,1686.4,57,1731.0,144,1537.9,,1871.7,2023-05,,51.0,0.45
81,Raphael Collignon,23.2,1748.2,,82,1691.3,71,1708.4,113,1578.6,,1777.6,2025-04,,86.0,-0.06
82,Jan Lennard Struff,34.9,1740.1,,93,1659.7,62,1722.7,69,1637.7,,1935.1,2024-07,,87.0,-0.06
83,Roberto Carballes Baena,32.0,1740.0,,90,1672.8,68,1714.5,119,1566.1,,1788.1,2024-07,,59.0,0.34
84,Stan Wawrinka,40.0,1738.9,,79,1693.6,76,1701.1,77,1620.3,,2145.5,2016-01,,132.0,-0.45
85,Camilo Ugo Carabelli,25.8,1737.6,,124,1621.0,64,1717.0,181,1507.0,,1762.2,2025-04,,60.0,0.35
86,Benjamin Bonzi,28.8,1732.7,,75,1697.4,121,1613.9,65,1644.4,,1835.8,2022-06,,58.0,0.39
87,Borna Gojo,27.1,1729.7,,84,1687.1,85,1679.2,175,1512.5,,1800.2,2023-10,,252.0,-1.06
88,Nicolas Jarry,29.5,1728.9,,87,1683.1,74,1704.6,71,1630.4,,1903.0,2023-10,,53.0,0.51
89,Jaume Munar,27.9,1728.9,,91,1671.1,82,1686.6,146,1535.5,,1819.0,2021-04,,66.0,0.3
90,Zhizhen Zhang,28.3,1727.2,,96,1650.9,58,1728.4,80,1614.6,,1830.9,2024-09,,55.0,0.49
91,Francisco Comesana,24.5,1726.5,,132,1608.5,72,1707.3,82,1612.2,,1733.8,2025-04,,63.0,0.37
92,Corentin Moutet,26.0,1726.3,,86,1684.4,90,1671.7,78,1616.6,,1830.6,2022-09,,83.0,0.1
93,Daniel Altmaier,26.6,1721.5,,98,1648.9,80,1688.7,133,1549.0,,1789.1,2021-08,,71.0,0.27
94,Dominik Koepfer,30.7,1719.9,,92,1669.9,70,1712.3,81,1613.0,,1822.7,2024-03,,199.0,-0.75
95,Botic Van De Zandschulp,29.5,1719.7,,78,1695.2,104,1650.9,97,1599.0,,1938.0,2022-09,,85.0,0.11
96,Yibing Wu,25.4,1716.2,,77,1697.1,136,1592.7,141,1544.7,,1882.9,2023-03,,448.0,-1.54
97,Nishesh Basavareddy,19.9,1715.6,,68,1720.4,204,1511.6,127,1557.8,,1856.6,2025-01,,100.0,-0.03
98,Bu Yunchaokete,23.2,1715.2,,88,1680.8,154,1569.4,143,1538.3,,1834.9,2024-09,,73.0,0.29
99,Elmer Moller,21.7,1708.4,,177,1539.7,77,1693.1,92,1604.2,,1741.1,2025-04,,111.0,-0.11
100,Damir Dzumhur,32.9,1708.3,,106,1638.0,79,1689.5,93,1602.4,,1895.8,2017-09,,69.0,0.37
101,Vit Kopriva,27.8,1705.3,,118,1627.1,91,1670.9,85,1611.7,,1722.9,2025-04,,92.0,0.09
102,Mackenzie Mcdonald,30.0,1705.2,,80,1692.9,169,1549.5,79,1616.6,,1847.6,2023-03,,96.0,0.06
103,Max Purcell,26.3,1702.6,,105,1638.9,181,1539.3,64,1645.3,,1789.1,2023-08,,146.0,-0.35
104,Adam Walton,26.0,1701.4,,94,1659.7,239,1462.1,125,1559.4,,1747.1,2025-04,,88.0,0.17
105,Aleksandar Kovacevic,26.6,1697.7,,89,1675.2,198,1519.1,147,1535.5,,1758.8,2024-04,,80.0,0.27
106,Cristian Garin,28.8,1697.3,,110,1634.0,86,1678.9,63,1647.7,,1889.6,2019-04,,153.0,-0.37
107,Arthur Cazaux,22.5,1691.5,,95,1653.9,180,1540.0,116,1574.2,,1806.5,2024-02,,116.0,-0.08
108,Yosuke Watanuki,27.0,1690.9,,97,1649.8,116,1622.3,83,1612.1,,1798.2,2023-05,,189.0,-0.56
109,Pedro Martinez,27.9,1685.1,,129,1610.7,87,1678.4,217,1478.5,,1844.3,2022-04,,49.0,0.8
110,Soon Woo Kwon,27.3,1683.5,,100,1646.6,135,1594.9,120,1565.8,,1830.7,2023-01,,504.0,-1.52
111,Arthur Rinderknech,29.7,1682.0,,108,1637.6,103,1651.2,137,1547.2,,1869.2,2022-10,,75.0,0.39
112,Marc Andrea Huesler,28.7,1680.9,,102,1646.1,122,1613.3,107,1582.4,,1817.0,2023-02,,156.0,-0.33
113,Dalibor Svrcina,22.5,1680.6,,99,1648.8,119,1617.9,182,1504.6,,1712.9,2025-04,,128.0,-0.12
114,Dusan Lajovic,34.8,1679.8,,139,1592.2,84,1679.6,195,1495.4,,1854.6,2018-10,,131.0,-0.14
115,Valentin Royer,23.8,1679.7,,158,1568.4,93,1664.0,162,1521.5,,1715.0,2025-04,,117.0,-0.02
116,Emil Ruusuvuori,26.0,1676.7,,101,1646.4,120,1614.8,84,1611.8,,1893.2,2023-06,,235.0,-0.71
117,Hugo Gaston,24.5,1675.5,,116,1628.1,99,1655.0,108,1581.3,,1795.1,2021-11,,78.0,0.41
118,Valentin Vacherot,26.4,1675.4,,136,1599.7,94,1660.8,167,1517.0,,1740.8,2024-03,,262.0,-0.8
119,Sebastian Ofner,28.9,1672.6,,112,1633.6,112,1636.0,94,1601.7,,1812.7,2024-01,,143.0,-0.18
120,Francesco Passaro,24.1,1672.2,,148,1580.1,102,1652.7,186,1501.5,,1779.0,2022-08,,101.0,0.17
121,Aleksandar Vukic,29.0,1670.2,,113,1631.4,149,1573.5,75,1623.3,,1773.3,2025-01,,79.0,0.43
122,Andrea Vavassori,29.9,1669.5,,107,1637.7,115,1631.5,153,1528.8,,1734.8,2023-04,,305.0,-0.92
123,Emilio Nava,23.3,1669.5,,181,1538.1,92,1668.7,168,1515.7,,1713.5,2025-04,,137.0,-0.11
124,Diego Schwartzman,32.4,1668.6,,103,1643.9,96,1659.4,123,1561.5,,1979.6,2020-11,,438.0,-1.26
125,Brandon Holt,27.0,1668.6,,109,1637.2,260,1445.5,154,1528.8,,1725.5,2025-02,,104.0,0.18
126,Jesper De Jong,24.8,1668.5,,135,1600.7,106,1648.1,155,1528.8,,1721.9,2024-10,,93.0,0.3
127,Aslan Karatsev,31.6,1665.4,,121,1622.5,100,1654.9,174,1513.4,,1964.6,2021-05,,191.0,-0.41
128,Juan Manuel Cerundolo,23.4,1665.2,,200,1519.8,107,1646.7,221,1475.6,,1774.8,2021-10,,115.0,0.11
129,Alexander Blockx,20.0,1662.7,,122,1622.1,150,1573.5,151,1531.4,,1743.2,2025-01,,145.0,-0.12
130,Tristan Schoolkate,24.1,1662.6,,117,1627.2,306,1407.4,135,1548.5,,1680.4,2025-04,,129.0,0.01
131,Lloyd Harris,28.1,1662.6,,120,1623.9,187,1532.6,62,1653.6,,1896.0,2021-10,,224.0,-0.54
132,Leandro Riedi,22.5,1661.3,,125,1616.3,151,1572.9,91,1604.5,,1823.3,2023-01,,373.0,-1.04
133,Fabio Fognini,37.9,1659.7,,144,1587.1,98,1656.6,72,1628.9,,2003.8,2014-04,,107.0,0.22
134,Terence Atmane,23.2,1659.6,,115,1629.3,147,1576.2,161,1522.8,,1707.1,2023-10,,119.0,0.12
135,Rinky Hijikata,24.1,1659.5,,104,1642.4,296,1415.8,115,1575.7,,1744.9,2025-01,,82.0,0.5
136,Mattia Bellucci,23.8,1654.2,,126,1614.8,170,1548.6,90,1608.3,,1814.3,2024-10,,68.0,0.69
137,Pierre Hugues Herbert,34.0,1652.2,,119,1624.8,143,1582.4,114,1576.7,,1867.9,2019-06,,148.0,-0.08
138,Richard Gasquet,38.8,1651.6,,128,1613.6,127,1609.4,98,1596.7,,2059.5,2016-05,,160.0,-0.15
139,Luca Nardi,21.7,1650.9,,127,1614.5,142,1584.1,222,1475.3,,1724.6,2024-04,,95.0,0.38
140,Kyrian Jacquet,23.9,1649.4,,111,1633.8,159,1564.7,191,1499.6,,1735.1,2025-02,,150.0,-0.07
141,Eliot Spizzirri,23.3,1649.3,,114,1631.4,176,1543.2,150,1532.6,,1714.6,2025-04,,121.0,0.15
142,Thiago Monteiro,30.8,1642.7,,149,1579.4,114,1633.9,163,1521.2,,1748.2,2024-05,,106.0,0.29
143,Zsombor Piros,25.5,1642.6,,161,1564.5,118,1619.2,117,1570.2,,1731.0,2023-04,,204.0,-0.36
144,Nicolas Moreno De Alboran,27.7,1642.4,,123,1621.8,146,1576.7,173,1513.6,,1687.7,2024-11,,149.0,-0.03
145,Facundo Bagnis,35.1,1641.9,,190,1529.3,113,1634.8,349,1396.5,,1737.0,2021-07,,658.0,-1.51
146,Harold Mayot,23.2,1640.5,,152,1578.1,130,1602.0,101,1594.1,,1701.9,2024-06,,144.0,0.01
147,Felipe Meligeni Alves,27.1,1637.5,,216,1502.0,111,1636.4,109,1580.9,,1695.3,2023-10,,123.0,0.18
148,Hugo Dellien,31.8,1634.0,,214,1503.3,125,1611.1,211,1482.2,,1779.8,2022-05,,103.0,0.36
149,Facundo Diaz Acosta,24.1,1632.7,,185,1533.7,108,1646.1,241,1459.5,,1791.9,2024-02,,201.0,-0.3
150,Yannick Hanfmann,33.4,1632.5,,146,1583.9,123,1612.5,148,1535.0,,1843.4,2023-06,,125.0,0.18
151,James Duckworth,33.2,1632.3,,147,1583.9,179,1540.7,95,1601.2,,1785.9,2021-11,,90.0,0.52
152,Daniel Elahi Galan,28.8,1630.4,,170,1552.6,132,1600.8,110,1580.2,,1757.5,2022-09,,124.0,0.2
153,Christopher Eubanks,28.9,1629.4,,150,1579.4,223,1481.5,76,1622.2,,1864.8,2023-07,,110.0,0.33
154,Alex Molcan,26.7,1627.7,,133,1608.3,128,1602.6,126,1558.5,,1872.5,2022-07,,505.0,-1.19
155,Matteo Gigante,23.2,1625.2,,155,1574.5,145,1578.2,149,1532.7,,1644.9,2025-04,,164.0,-0.06
156,Tomas Barrios Vera,27.3,1624.8,,223,1496.1,124,1611.8,129,1553.9,,1710.3,2023-07,,118.0,0.28
157,Filip Misolic,23.7,1624.6,,163,1563.1,140,1586.4,225,1472.9,,1720.3,2023-11,,180.0,-0.14
158,Michael Mmoh,27.2,1623.7,,134,1602.8,209,1505.9,157,1528.7,,1762.3,2017-02,,340.0,-0.77
159,Pavel Kotov,26.4,1623.3,,157,1572.2,133,1600.6,152,1529.2,,1797.1,2024-05,,136.0,0.16
160,Jerome Kym,22.1,1623.3,,159,1566.6,137,1591.8,176,1511.6,,1738.0,2024-10,,127.0,0.23
161,Liam Draxl,23.3,1622.9,,142,1588.9,163,1556.8,178,1511.5,,1653.0,2025-03,,142.0,0.13
162,Jaime Faria,21.7,1621.6,,186,1533.7,126,1609.9,220,1477.3,,1692.5,2024-05,,108.0,0.41
163,Alibek Kachmazov,22.6,1621.5,,140,1591.5,233,1471.6,124,1560.7,,1637.6,2025-04,,161.0,0.01
164,Nikoloz Basilashvili,33.1,1618.0,,137,1597.3,158,1565.9,105,1583.2,,1889.8,2019-01,,157.0,0.04
165,Tristan Boyer,24.0,1615.6,,145,1585.3,139,1589.1,201,1487.9,,1753.1,2025-01,,122.0,0.3
166,Federico Coria,33.0,1612.7,,228,1487.0,134,1597.1,326,1408.0,,1754.4,2021-07,,141.0,0.16
167,Adrian Mannarino,36.8,1609.5,,141,1591.0,218,1489.3,87,1609.8,,1896.3,2018-01,,126.0,0.28
168,Arthur Bouquier,24.3,1608.6,,131,1609.3,328,1389.2,183,1504.3,,1732.0,2025-03,,200.0,-0.17
169,Daniel Evans,34.9,1601.0,,138,1596.0,189,1532.2,106,1582.8,,1902.5,2021-04,,190.0,-0.12
170,Alexander Shevchenko,24.3,1600.6,,156,1573.3,165,1554.7,230,1467.3,,1792.0,2024-02,,97.0,0.56
171,Vilius Gaubas,20.3,1600.2,,246,1471.6,141,1586.3,132,1550.1,,1655.0,2024-08,,154.0,0.1
172,Carlos Taberner,27.6,1599.4,,267,1448.6,138,1591.8,249,1448.3,,1725.0,2021-10,,139.0,0.21
173,Andrea Pellegrino,28.0,1599.0,,303,1407.2,148,1573.7,286,1432.3,,1637.7,2023-10,,167.0,0.04
174,Ignacio Buse,21.0,1598.4,,326,1388.1,129,1602.3,192,1499.2,,1632.4,2024-09,,171.0,0.02
175,Thiago Seyboth Wild,25.1,1598.3,,143,1587.4,156,1566.0,158,1528.2,,1793.4,2024-05,,120.0,0.38
176,Gregoire Barrere,31.1,1595.5,,169,1553.5,155,1569.3,128,1557.1,,1804.5,2020-02,,222.0,-0.23
177,Lukas Klein,27.0,1594.9,,153,1578.0,178,1541.3,139,1545.3,,1777.5,2024-03,,210.0,-0.17
178,Hady Habib,26.6,1592.8,,175,1545.5,193,1526.4,138,1546.4,,1615.8,2018-09,,159.0,0.11
179,Thiago Agustin Tirante,24.0,1591.8,,167,1559.0,167,1551.2,185,1502.8,,1672.2,2021-09,,133.0,0.3
180,Maximilian Marterer,29.6,1590.7,,187,1533.7,144,1580.4,131,1551.5,,1815.1,2018-06,,215.0,-0.18
181,Giulio Zeppieri,23.3,1590.2,,154,1575.0,182,1538.9,196,1493.6,,1691.2,2022-07,,344.0,-0.64
182,J J Wolf,26.1,1586.4,,171,1551.2,172,1546.3,156,1528.8,,1847.7,2023-02,,285.0,-0.45
183,Constant Lestienne,32.9,1585.7,,172,1547.5,258,1447.3,212,1481.8,,1781.3,2023-01,,184.0,-0.01
184,Taro Daniel,32.2,1582.8,,164,1562.6,186,1533.0,209,1482.8,,1766.8,2023-04,,138.0,0.29
185,Mikhail Kukushkin,37.3,1582.7,,178,1539.3,175,1544.0,122,1562.4,,1864.2,2010-10,,165.0,0.11
186,Kyle Edmund,29.8,1582.6,,162,1563.7,152,1572.0,180,1508.4,,1952.7,2019-03,,512.0,-1.01
187,Gustavo Heide,22.9,1581.7,,262,1454.0,153,1571.6,238,1460.3,,1661.1,2024-07,,182.0,0.03
188,Roman Andres Burruchaga,23.2,1581.0,,237,1480.0,157,1566.0,160,1523.6,,1669.3,2024-05,,135.0,0.33
189,Otto Virtanen,23.8,1580.7,,165,1561.2,267,1439.8,134,1549.0,,1768.8,2024-03,,130.0,0.37
190,Dino Prizmic,19.6,1580.0,,166,1559.6,188,1532.6,202,1486.1,,1719.0,2023-09,,334.0,-0.56
191,Chun Hsin Tseng,23.7,1576.3,,213,1503.8,160,1563.6,293,1429.3,,1715.6,2022-04,,102.0,0.63
192,Luca Van Assche,20.9,1573.2,,160,1566.3,184,1535.9,190,1499.8,,1801.5,2023-04,,211.0,-0.09
193,Seong Chan Hong,27.2,1573.0,,176,1543.3,261,1444.7,346,1397.6,,1613.7,2024-04,,315.0,-0.49
194,Albert Ramos,37.2,1573.0,,182,1536.9,185,1533.7,287,1431.8,,1889.0,2017-04,,259.0,-0.29
195,Shintaro Mochizuki,21.8,1570.2,,192,1527.3,162,1557.6,214,1480.4,,1625.3,2024-06,,155.0,0.23
196,Daniel Rincon,22.2,1569.7,,198,1522.1,191,1529.2,317,1414.1,,1613.8,2023-09,,212.0,-0.08
197,Mark Lajal,21.9,1568.3,,174,1545.6,277,1432.2,100,1594.9,,1668.0,2023-06,,217.0,-0.1
198,Billy Harris,30.2,1567.5,,168,1554.0,289,1420.8,104,1583.6,,1711.4,2024-06,,105.0,0.63
199,Hugo Grenier,29.0,1566.9,,189,1530.3,256,1449.0,165,1519.0,,1734.0,2022-09,,172.0,0.15
200,Liam Broady,30.6,1566.1,,183,1535.1,245,1458.7,194,1496.4,,1757.4,2022-03,,632.0,-1.15
201,Ricardas Berankis,34.8,1564.0,,202,1519.0,161,1558.3,159,1527.9,,1842.4,2011-02,,294.0,-0.38
202,Norbert Gombos,34.6,1563.3,,194,1525.0,174,1544.4,234,1463.1,,1753.2,2020-11,,328.0,-0.48
203,Alexis Galarneau,26.1,1562.5,,179,1538.9,250,1451.6,203,1485.9,,1631.5,2024-04,,202.0,0.0
204,Lukas Neumayer,22.6,1562.2,,334,1381.5,166,1552.6,251,1448.1,,1594.5,2024-12,,179.0,0.13
205,Sumit Nagal,27.6,1560.2,,205,1515.3,164,1555.9,281,1435.0,,1745.2,2019-09,,169.0,0.19
206,Alexander Ritschard,31.0,1556.4,,250,1467.8,131,1601.1,208,1483.5,,1695.9,2024-07,,158.0,0.27
207,Ilia Simakin,21.4,1555.7,,195,1524.8,333,1387.8,218,1477.8,,1587.6,2025-04,,264.0,-0.24
208,Yasutaka Uchiyama,32.7,1555.3,,203,1517.5,318,1398.2,215,1479.9,,1727.5,2019-10,,205.0,0.01
209,Chris Rodesch,23.7,1555.3,,235,1481.2,202,1513.1,219,1477.7,,1593.7,2025-04,,178.0,0.16
210,Alex Bolt,32.2,1555.1,,217,1501.1,377,1344.6,118,1569.0,,1688.9,2019-03,,236.0,-0.12
211,Jurij Rodionov,25.9,1553.3,,188,1531.3,226,1480.1,189,1499.9,,1702.1,2023-06,,228.0,-0.08
212,Timofey Skatov,24.2,1552.8,,219,1498.2,177,1542.9,210,1482.4,,1672.0,2024-07,,181.0,0.16
213,Titouan Droguet,23.7,1552.6,,210,1506.5,173,1544.5,169,1515.3,,1666.7,2024-09,,206.0,0.03
214,Radu Albot,35.4,1552.5,,199,1521.3,196,1520.5,140,1545.1,,1823.4,2019-05,,277.0,-0.26
215,Marco Trungelliti,35.2,1552.0,,230,1485.1,171,1546.9,269,1440.0,,1693.1,2018-07,,183.0,0.16
216,Li Tu,28.9,1551.6,,207,1513.5,232,1472.9,142,1543.6,,1633.5,2022-10,,168.0,0.25
217,Alejandro Moro Canas,24.3,1549.9,,204,1516.0,210,1504.5,145,1536.5,,1673.5,2024-07,,197.0,0.1
218,Joris De Loore,31.3,1549.5,,180,1538.2,222,1481.7,228,1470.6,,1665.1,2016-10,,399.0,-0.6
219,Calvin Hemery,30.1,1548.6,,224,1496.1,192,1528.2,246,1451.1,,1651.1,2015-06,,176.0,0.22
220,Jozef Kovalik,32.4,1545.7,,260,1457.6,168,1549.8,358,1392.2,,1721.8,2018-07,,173.0,0.24
221,Gijs Brouwer,28.8,1545.4,,233,1483.1,217,1490.4,170,1515.2,,1656.6,2023-04,,219.0,0.01
222,Elias Ymer,28.9,1544.7,,215,1502.1,197,1519.3,171,1515.2,,1751.8,2015-06,,263.0,-0.17
223,Coleman Wong,20.8,1543.4,,184,1533.8,332,1388.0,267,1440.4,,1666.1,2024-09,,174.0,0.25
224,Benjamin Hassan,30.2,1543.4,,212,1505.9,199,1518.8,233,1463.5,,1680.2,2023-10,,239.0,-0.06
225,Ugo Blanchet,26.2,1541.9,,201,1519.8,201,1518.2,240,1459.7,,1659.4,2023-10,,186.0,0.19
226,Luka Pavlovic,25.0,1541.8,,380,1340.3,190,1532.2,227,1470.9,,1621.4,2025-04,,238.0,-0.05
227,Dominic Stricker,22.6,1541.1,,206,1513.8,208,1506.7,164,1520.9,,1798.6,2021-06,,258.0,-0.13
228,James Trotter,25.7,1539.9,,196,1524.2,395,1330.8,261,1442.8,,1658.1,2025-01,,170.0,0.29
229,Martin Landaluce,19.2,1538.2,,173,1546.2,238,1463.4,229,1469.1,,1741.8,2024-10,,147.0,0.44
230,Juan Pablo Ficovich,28.2,1535.2,,269,1448.5,183,1536.6,252,1447.6,,1597.4,2020-10,,152.0,0.41
231,James Mccabe,21.7,1533.7,,225,1495.8,376,1345.4,187,1501.5,,1584.1,2025-03,,177.0,0.27
232,Kimmer Coppejans,31.2,1532.4,,263,1453.0,205,1508.2,247,1449.7,,1697.0,2015-04,,275.0,-0.17
233,Murphy Cassone,22.6,1531.3,,193,1526.1,330,1388.3,231,1465.7,,1684.9,2025-02,,208.0,0.11
234,Mitchell Krueger,31.2,1530.2,,227,1488.4,234,1470.8,200,1488.8,,1653.6,2022-04,,151.0,0.44
235,Duje Ajdukovic,24.2,1529.7,,191,1529.2,215,1499.0,315,1414.9,,1687.6,2024-09,,175.0,0.29
236,Juan Pablo Varillas,29.5,1529.6,,305,1404.9,195,1523.0,355,1392.9,,1730.0,2021-10,,241.0,-0.02
237,Jan Choinski,28.8,1525.7,,256,1459.4,200,1518.5,407,1367.6,,1632.0,2023-08,,187.0,0.24
238,Marat Sharipov,22.5,1525.2,,226,1491.7,346,1372.6,235,1462.6,,1613.9,2025-02,,247.0,-0.04
239,Denis Kudla,32.2,1523.8,,211,1506.0,236,1468.3,166,1518.8,,1784.4,2015-07,,593.0,-0.91
240,Vitaliy Sachko,27.7,1523.3,,277,1441.7,213,1502.2,298,1425.2,,1643.5,2023-07,,254.0,-0.06
241,Federico Cina,18.0,1521.0,,221,1497.5,362,1359.6,236,1460.5,,1528.0,2025-04,,323.0,-0.29
242,Pedro Cachin,29.9,1521.0,,298,1410.1,194,1525.3,347,1397.1,,1767.7,2023-07,,360.0,-0.4
243,Stefano Napolitano,29.9,1520.6,,247,1471.3,211,1502.8,188,1500.1,,1662.1,2024-05,,440.0,-0.59
244,Gauthier Onclin,24.1,1519.3,,242,1475.7,225,1480.5,226,1471.5,,1591.3,2023-07,,192.0,0.24
245,Martin Klizan,35.7,1517.5,,231,1484.1,203,1513.0,343,1400.2,,1897.2,2015-01,,325.0,-0.28
246,Rei Sakamoto,18.8,1517.3,,238,1479.5,352,1368.7,242,1458.7,,1612.5,2024-12,,282.0,-0.14
247,Riccardo Bonadio,31.0,1514.5,,285,1429.0,216,1494.8,319,1413.6,,1587.2,2023-04,,583.0,-0.86
248,Beibit Zhukayev,24.4,1512.5,,239,1479.3,310,1402.2,184,1503.9,,1640.2,2023-11,,220.0,0.12
249,Dmitry Popko,28.4,1512.0,,218,1500.9,268,1439.5,340,1400.7,,1631.7,2020-01,,163.0,0.42
250,Max Hans Rehberg,21.5,1507.1,,245,1473.3,283,1427.3,372,1386.5,,1575.0,2025-02,,245.0,0.02
251,Zachary Svajda,22.3,1504.4,,252,1463.6,271,1437.4,193,1498.0,,1769.0,2023-10,,229.0,0.09
252,Dennis Novak,31.5,1503.6,,229,1485.6,227,1479.7,136,1548.0,,1758.9,2019-11,,385.0,-0.42
253,Arthur Fery,22.6,1502.4,,222,1497.2,360,1361.2,378,1381.2,,1663.0,2023-10,,460.0,-0.6
254,Javier Barranco Cosano,26.3,1501.1,,261,1454.9,248,1456.2,244,1454.5,,1581.0,2024-07,,279.0,-0.09
255,Stefano Travaglia,33.3,1500.8,,240,1478.5,221,1483.7,312,1417.4,,1793.8,2021-02,,309.0,-0.19
256,Yu Hsiou Hsu,26.0,1499.2,,243,1475.0,397,1330.2,437,1351.0,,1648.0,2023-11,,237.0,0.08
257,Dimitar Kuzmanov,31.7,1498.9,,209,1507.4,264,1442.0,259,1444.3,,1640.1,2021-05,,269.0,-0.05
258,Philip Sekulic,21.2,1498.8,,236,1480.2,398,1328.2,322,1411.2,,1533.1,2024-07,,389.0,-0.41
259,Aziz Dougaz,28.0,1498.3,,264,1451.2,219,1486.6,282,1434.8,,1555.3,2020-02,,198.0,0.27
260,Nicolas Mejia,25.1,1497.0,,313,1400.0,212,1502.5,248,1448.5,,1536.3,2021-07,,227.0,0.14
261,Federico Arnaboldi,24.8,1494.9,,348,1370.5,220,1486.3,253,1447.5,,1623.0,2024-08,,194.0,0.3
262,Manuel Guinard,29.3,1493.8,,249,1469.3,259,1446.2,356,1392.7,,1664.3,2022-03,,397.0,-0.42
263,Yuta Shimizu,25.8,1493.7,,253,1462.8,424,1297.5,216,1479.3,,1590.8,2024-05,,193.0,0.31
264,Sandro Kopp,24.9,1492.6,,350,1370.3,235,1469.4,254,1446.3,,1492.6,2025-04,,391.0,-0.39
265,Pol Martin Tiffon,25.6,1490.4,,294,1415.7,243,1459.5,257,1445.2,,1512.6,2025-03,,203.0,0.27
266,Marc Polmans,27.7,1490.0,,255,1461.1,276,1434.9,213,1480.7,,1618.1,2019-10,,421.0,-0.46
267,Sho Shimabukuro,27.7,1489.3,,272,1447.5,273,1436.5,179,1509.2,,1692.5,2023-09,,185.0,0.37
268,Maxime Cressy,27.9,1489.2,,234,1481.3,344,1376.1,206,1485.0,,1836.1,2022-08,,444.0,-0.5
269,Henrique Rocha,21.0,1488.6,,244,1473.7,251,1451.2,272,1439.1,,1637.6,2024-09,,195.0,0.32
270,Maximus Jones,20.6,1488.5,,241,1477.9,353,1368.2,260,1444.3,,1524.4,2025-04,,425.0,-0.45
271,Bernabe Zapata Miralles,28.2,1487.0,,288,1423.3,228,1476.0,237,1460.5,,1779.9,2023-05,,330.0,-0.2
272,Edas Butvilas,20.7,1486.1,,220,1498.2,290,1420.6,239,1459.9,,1672.0,2024-09,,213.0,0.24
273,Maks Kasnikowski,21.6,1485.4,,286,1425.2,207,1507.0,197,1492.7,,1652.1,2024-06,,244.0,0.11
274,Andrea Collarini,33.2,1485.3,,382,1339.4,229,1474.7,403,1368.6,,1572.5,2019-09,,207.0,0.28
275,Clement Chidekh,23.8,1484.9,,258,1458.0,363,1358.4,262,1442.4,,1695.5,2024-03,,290.0,-0.05
276,Eliakim Coulibaly,22.9,1484.7,,251,1465.1,325,1391.2,263,1442.4,,1484.7,2025-04,,271.0,0.02
277,Bernard Tomic,32.4,1483.5,,270,1448.4,279,1430.4,198,1491.3,,1947.4,2015-03,,231.0,0.18
278,Geoffrey Blancaneaux,26.7,1483.2,,276,1446.6,249,1453.1,352,1395.3,,1591.5,2023-05,,272.0,0.02
279,Tung Lin Wu,26.9,1482.4,,271,1447.6,244,1459.3,341,1400.6,,1605.0,2023-04,,260.0,0.07
280,Andrew Paulson,22.8,1482.3,,347,1370.8,254,1449.8,266,1441.2,,1560.3,2024-08,,506.0,-0.59
281,Santiago Fa Rodriguez Taverna,25.7,1478.8,,318,1397.6,230,1473.1,265,1441.8,,1672.6,2022-01,,196.0,0.36
282,Marco Cecchinato,32.4,1478.0,,315,1398.9,240,1460.7,363,1389.3,,1838.6,2018-07,,365.0,-0.26
283,Gabriel Debru,19.1,1475.4,,376,1342.3,224,1480.6,273,1437.7,,1596.1,2023-08,,253.0,0.11
284,Matteo Martineau,26.2,1473.6,,248,1471.2,369,1354.6,270,1439.8,,1624.5,2024-02,,267.0,0.06
285,Alex Barrena,22.5,1473.0,,370,1346.5,242,1460.0,274,1436.5,,1513.6,2025-04,,379.0,-0.29
286,Andrej Martin,35.4,1472.3,,343,1373.9,263,1443.1,442,1348.5,,1674.7,2014-08,,324.0,-0.12
287,Patrick Zahraj,25.7,1472.2,,232,1483.2,361,1360.0,276,1436.1,,1596.7,2025-03,,274.0,0.05
288,Guy Den Ouden,23.0,1472.1,,437,1279.5,214,1500.5,278,1436.0,,1535.9,2024-09,,225.0,0.25
289,Enzo Couacaud,30.0,1471.4,,268,1448.6,246,1458.0,224,1474.8,,1647.1,2020-02,,405.0,-0.34
290,Johannus Monday,23.2,1471.2,,281,1435.9,375,1345.6,310,1418.7,,1551.9,2025-02,,250.0,0.15
291,Stefan Kozlov,27.2,1471.2,,290,1417.7,257,1448.8,245,1452.5,,1724.4,2022-02,,441.0,-0.42
292,Enrico Dalla Valle,27.0,1471.1,,355,1364.5,231,1473.0,280,1435.5,,1543.6,2024-07,,292.0,0.0
293,Egor Gerasimov,32.3,1471.0,,265,1449.7,288,1423.9,388,1375.7,,1802.1,2020-03,,392.0,-0.29
294,Nicolai Budkov Kjaer,18.6,1470.8,,208,1507.7,317,1398.4,204,1485.4,,1625.3,2025-02,,307.0,-0.04
295,Hazem Naw,24.7,1470.7,,254,1461.9,323,1393.7,205,1485.3,,1633.7,2024-02,,573.0,-0.66
296,Andres Martin,23.7,1469.5,,278,1438.1,252,1451.1,207,1484.7,,1603.6,2022-07,,382.0,-0.26
297,Khumoun Sultanov,26.4,1468.4,,257,1458.7,400,1327.6,258,1444.9,,1553.9,2025-02,,,
298,Jiri Vesely,31.6,1467.8,,259,1457.8,270,1437.6,177,1511.6,,1891.6,2014-06,,357.0,-0.18
299,Omar Jasika,27.9,1466.3,,274,1447.4,384,1335.2,435,1351.6,,1669.1,2017-02,,209.0,0.36
300,Christoph Negritu,30.9,1465.8,,279,1437.7,339,1381.0,285,1432.9,,1540.2,2024-11,,308.0,-0.03
301,Matheus Pucinelli De Almeida,24.0,1465.2,,402,1324.3,247,1456.6,284,1433.5,,1650.0,2022-03,,306.0,-0.02
302,Antoine Escoffier,33.1,1465.1,,283,1433.1,437,1278.1,331,1405.5,,1628.4,2023-03,,218.0,0.33
303,Cezar Cretu,23.9,1463.6,,291,1417.3,295,1416.1,288,1431.8,,1526.0,2024-09,,362.0,-0.18
304,Laurent Lokoli,29.9,1463.4,,301,1409.7,237,1467.2,232,1465.0,,1608.2,2023-07,,466.0,-0.43
305,Andres Andrade,26.3,1462.2,,312,1400.5,262,1444.5,291,1431.1,,1584.8,2024-08,,300.0,0.02
306,Oriol Roca Batalla,31.9,1461.0,,328,1385.5,266,1440.8,360,1391.6,,1554.6,2024-06,,240.0,0.24
307,Genaro Alberto Olivieri,26.7,1460.0,,375,1343.1,253,1450.4,432,1354.9,,1585.6,2023-07,,286.0,0.07
308,Gastao Elias,34.4,1458.4,,273,1447.5,284,1427.2,385,1377.6,,1737.5,2016-08,,318.0,-0.03
309,Stuart Parker,27.5,1458.0,,266,1449.2,380,1339.0,459,1336.6,,1524.1,2025-03,,432.0,-0.34
310,Patrick Kypson,25.4,1457.1,,275,1446.9,307,1405.8,316,1414.7,,1709.4,2024-02,,435.0,-0.34
311,Abedallah Shelbayh,21.4,1456.3,,282,1433.3,308,1404.8,255,1445.8,,1648.2,2024-02,,278.0,0.11
312,Hynek Barton,20.9,1456.3,,284,1429.8,334,1387.7,295,1428.2,,1498.9,2025-02,,366.0,-0.16
313,Gianluca Mager,30.1,1454.7,,309,1402.7,265,1442.0,303,1420.8,,1733.2,2022-01,,451.0,-0.37
314,Murkel Alejandro Dellien Velasco,27.5,1451.9,,325,1389.1,269,1438.6,277,1436.1,,1602.5,2022-01,,214.0,0.38
315,August Holmgren,26.9,1450.6,,306,1404.6,312,1400.4,223,1475.3,,1677.9,2021-09,,188.0,0.52
316,Jacopo Berrettini,26.3,1450.6,,337,1380.8,275,1435.1,297,1425.3,,1592.3,2024-05,,336.0,-0.06
317,Gonzalo Bueno,21.0,1450.2,,445,1261.6,272,1436.9,299,1425.1,,1518.7,2024-04,,327.0,-0.03
318,Henri Squire,24.5,1449.7,,310,1402.0,255,1449.1,457,1338.3,,1670.0,2024-06,,261.0,0.2
319,Alexey Vatutin,32.4,1448.7,,300,1409.8,331,1388.3,366,1388.3,,1637.3,2018-04,,313.0,0.02
320,Robert Strombachs,25.3,1448.5,,280,1436.5,335,1387.1,300,1424.2,,1448.5,2025-02,,333.0,-0.04
321,Rio Noguchi,26.3,1447.6,,299,1409.9,444,1271.4,383,1378.7,,1516.0,2022-10,,255.0,0.23
322,Inaki Montes De La Torre,22.5,1446.6,,319,1397.6,297,1415.3,302,1423.3,,1529.0,2025-02,,468.0,-0.37
323,Federico Agustin Gomez,28.3,1446.6,,344,1373.3,241,1460.2,301,1423.3,,1668.6,2024-09,,140.0,0.84
324,Ivan Gakhov,28.3,1445.7,,401,1324.4,286,1426.9,354,1394.4,,1659.6,2023-05,,317.0,0.02
325,Denis Yevseyev,31.9,1444.4,,311,1401.8,299,1412.1,243,1455.8,,1565.7,2024-01,,257.0,0.23
326,Clement Tabur,25.1,1443.6,,359,1360.7,293,1419.7,361,1391.3,,1500.9,2023-08,,301.0,0.08
327,Giovanni Fonio,26.9,1441.4,,292,1416.4,319,1398.2,305,1420.7,,1566.9,2023-02,,331.0,-0.01
328,Illya Marchenko,37.3,1441.2,,287,1424.1,367,1355.6,304,1420.8,,1792.9,2010-02,,641.0,-0.67
329,Joao Lucas Reis Da Silva,25.0,1440.6,,342,1374.0,294,1418.4,306,1420.3,,1516.6,2022-10,,351.0,-0.06
330,Max Houkes,24.7,1439.7,,415,1310.6,280,1429.8,308,1419.9,,1481.3,2025-03,,249.0,0.28
331,Luka Mikrut,20.9,1438.1,,363,1355.5,300,1411.6,309,1419.0,,1544.9,2024-06,,281.0,0.16
332,Ryan Peniston,29.4,1437.4,,296,1413.7,368,1354.7,289,1431.5,,1723.2,2022-06,,310.0,0.07
333,Michael Geerts,30.2,1437.4,,304,1406.3,321,1394.8,416,1362.4,,1540.6,2023-03,,276.0,0.19
334,Filip Cristian Jianu,23.5,1437.4,,391,1330.5,285,1427.1,271,1439.5,,1578.5,2019-09,,226.0,0.39
335,Jie Cui,27.2,1436.1,,297,1412.0,439,1275.9,311,1418.0,,1470.5,2025-01,,298.0,0.12
336,Nicolas Kicker,32.6,1435.8,,314,1399.5,278,1431.4,408,1367.4,,1706.2,2018-05,,454.0,-0.3
337,Nerman Fatic,30.4,1435.8,,316,1398.6,291,1420.0,275,1436.2,,1584.4,2023-07,,348.0,-0.03
338,Jakub Nicod,20.1,1434.2,,410,1318.2,287,1426.2,313,1417.1,,1506.7,2024-09,,560.0,-0.5
339,Viktor Durasovic,28.0,1433.4,,289,1421.5,392,1333.2,377,1382.3,,1494.2,2025-02,,246.0,0.32
340,Adrian Andreev,23.8,1432.0,,327,1387.6,282,1427.5,431,1356.0,,1642.9,2023-01,,283.0,0.18
341,Francesco Maestrelli,22.3,1431.7,,307,1404.2,322,1393.9,398,1371.1,,1711.4,2022-07,,303.0,0.12
342,Nick Hardt,24.5,1430.7,,308,1403.0,302,1409.2,314,1417.1,,1619.6,2024-05,,462.0,-0.3
343,Franco Agamenone,31.9,1428.8,,389,1334.1,292,1419.8,449,1343.4,,1707.6,2021-10,,437.0,-0.24
344,Arthur Gea,20.2,1428.0,,340,1375.3,305,1407.5,318,1414.0,,1501.7,2025-02,,296.0,0.15
345,Facundo Mena,32.5,1427.7,,369,1347.3,298,1413.8,339,1400.9,,1616.9,2019-09,,221.0,0.45
346,Goncalo Oliveira,29.8,1424.7,,338,1376.7,324,1393.5,395,1373.8,,1441.2,2024-11,,287.0,0.19
347,Matias Soto,25.9,1424.4,,371,1345.3,309,1403.8,320,1412.2,,1461.2,2025-03,,242.0,0.36
348,Mathias Bourgue,30.7,1424.3,,293,1416.1,320,1394.9,364,1389.3,,1674.2,2017-04,,515.0,-0.39
349,Sascha Gueymard Wayenburg,21.7,1422.9,,295,1414.3,430,1290.0,321,1411.5,,1563.9,2025-01,,251.0,0.33
350,Samuel Vincent Ruggeri,22.6,1421.8,,354,1365.0,336,1386.6,323,1410.9,,1525.8,2024-06,,442.0,-0.23
351,Henry Searle,18.9,1419.9,,320,1396.8,399,1328.1,365,1389.1,,1448.8,2025-03,,411.0,-0.16
352,Yan Bai,35.6,1419.0,,330,1383.7,357,1366.1,375,1384.3,,1494.4,2015-11,,248.0,0.35
353,Frederico Ferreira Silva,29.8,1418.1,,333,1382.3,326,1391.2,290,1431.3,,1642.4,2021-05,,256.0,0.32
354,Matej Dodig,19.7,1417.9,,365,1352.5,311,1402.1,324,1408.9,,1601.7,2024-09,,342.0,0.03
355,Daniel Masur,30.4,1417.3,,332,1382.7,315,1398.9,335,1404.2,,1621.9,2021-03,,446.0,-0.23
356,Remy Bertola,26.6,1416.9,,352,1367.2,370,1354.1,325,1408.4,,1461.8,2022-10,,297.0,0.18
357,Patrick Maloney,25.1,1413.1,,399,1324.8,354,1368.2,327,1406.5,,1439.4,2025-04,,337.0,0.06
358,Alfredo Perez,27.9,1412.7,,418,1309.3,313,1399.5,329,1406.4,,1425.5,2025-04,,400.0,-0.11
359,Alex Martinez,24.0,1411.9,,322,1396.1,412,1311.2,330,1406.0,,1501.5,2024-07,,538.0,-0.4
360,Rudolf Molleker,24.4,1411.9,,368,1349.3,303,1409.2,389,1375.2,,1712.9,2019-06,,375.0,-0.04
361,David Jorda Sanchis,30.2,1410.9,,384,1338.4,327,1389.4,410,1366.6,,1531.3,2023-07,,537.0,-0.4
362,Mats Rosenkranz,26.6,1409.9,,324,1389.9,434,1283.6,386,1376.6,,1477.6,2024-11,,363.0,0.0
363,Antoine Cornut Chauvinc,24.7,1409.1,,329,1384.0,393,1332.8,332,1404.5,,1453.0,2025-01,,548.0,-0.41
364,Gerard Campana Lee,20.5,1408.8,,366,1352.4,355,1367.1,333,1404.4,,1510.2,2023-07,,383.0,-0.05
365,Jonas Forejtek,23.8,1406.3,,379,1340.6,314,1399.4,374,1386.1,,1614.5,2022-05,,660.0,-0.59
366,Andre Ilagan,24.4,1405.5,,339,1376.4,410,1312.8,337,1402.8,,1472.7,2025-02,,380.0,-0.04
367,Rodrigo Pacheco Mendez,19.9,1405.5,,364,1353.5,349,1370.1,336,1402.8,,1461.5,2024-06,,230.0,0.47
368,Karue Sell,31.3,1404.9,,323,1394.6,347,1372.3,338,1402.4,,1529.3,2024-10,,299.0,0.21
369,Jelle Sels,29.6,1403.5,,302,1408.5,365,1357.0,481,1305.6,,1640.8,2022-11,,329.0,0.11
370,Paul Jubb,25.4,1400.7,,345,1372.0,390,1333.8,256,1445.8,,1632.1,2022-03,,265.0,0.33
371,Max Wiskandt,23.2,1400.7,,409,1320.9,342,1377.4,342,1400.3,,1454.0,2025-04,,377.0,-0.02
372,Benoit Paire,35.9,1399.7,,351,1368.9,281,1429.2,292,1430.9,,1909.0,2013-05,,556.0,-0.4
373,Corentin Denolly,27.8,1398.8,,403,1323.9,381,1338.5,344,1399.4,,1455.6,2025-03,,284.0,0.27
374,Jack Pinnington Jones,21.9,1397.2,,358,1362.1,414,1308.6,307,1420.0,,1521.7,2024-06,,338.0,0.1
375,Mathys Erhard,23.4,1396.5,,421,1305.3,356,1366.5,345,1398.3,,1428.9,2025-04,,268.0,0.34
376,Philip Henning,24.4,1396.3,,336,1381.3,366,1355.7,250,1448.2,,1559.8,2021-09,,361.0,0.04
377,Mili Poljicak,20.7,1395.9,,446,1259.1,301,1409.4,418,1362.1,,1427.9,2025-04,,270.0,0.33
378,Lorenzo Giustino,33.6,1395.6,,386,1337.9,337,1383.1,483,1303.6,,1643.8,2019-06,,302.0,0.22
379,Marko Topo,21.5,1394.6,,335,1381.4,341,1378.4,328,1406.5,,1663.9,2022-04,,402.0,-0.06
380,Jay Clarke,26.5,1393.2,,360,1360.3,383,1336.9,455,1339.1,,1617.4,2018-07,,233.0,0.49
381,Alvaro Guillen Meza,22.2,1392.4,,461,1236.7,316,1398.5,350,1396.2,,1545.7,2023-11,,216.0,0.57
382,Jakub Paul,26.0,1389.3,,353,1365.6,448,1270.4,353,1394.7,,1440.9,2025-03,,326.0,0.16
383,Maximilian Neuchrist,33.7,1388.6,,387,1337.4,345,1375.0,415,1363.8,,1549.9,2023-04,,431.0,-0.12
384,Ernesto Escobedo,28.5,1385.6,,349,1370.5,378,1342.2,464,1330.4,,1762.7,2017-04,,481.0,-0.23
385,Nicolas Alvarez Varona,23.9,1385.2,,317,1397.9,407,1315.8,357,1392.6,,1526.2,2022-11,,314.0,0.2
386,Adolfo Daniel Vallejo,20.9,1384.8,,388,1334.7,343,1376.5,264,1442.4,,1524.2,2020-03,,234.0,0.5
387,Orlando Luz,27.0,1384.2,,475,1213.8,338,1382.9,359,1392.1,,1519.9,2021-08,,638.0,-0.5
388,Thai Son Kwiatkowski,29.5,1382.2,,341,1375.2,373,1349.0,490,1281.9,,1644.0,2020-03,,1046.0,-0.99
389,Raul Brancaccio,27.8,1381.5,,361,1357.1,358,1366.0,424,1360.3,,1644.9,2023-01,,390.0,0.0
390,Gabi Adrian Boitan,25.7,1380.4,,404,1323.7,329,1389.2,268,1440.2,,1488.6,2022-03,,368.0,0.06
391,Nikolas Sanchez Izquierdo,26.1,1380.1,,456,1245.8,351,1369.4,362,1390.1,,1517.8,2022-06,,293.0,0.29
392,Aidan Mayo,21.9,1378.1,,331,1383.7,436,1278.7,334,1404.3,,1541.1,2024-11,,312.0,0.23
393,Giles Hussey,27.9,1377.0,,381,1339.7,422,1298.5,427,1360.1,,1422.5,2025-04,,453.0,-0.14
394,Oliver Crawford,25.9,1376.8,,383,1339.2,374,1346.8,401,1369.6,,1580.7,2023-10,,280.0,0.34
395,Lautaro Midon,21.0,1376.6,,431,1290.8,348,1370.2,367,1388.3,,1397.4,2025-04,,316.0,0.22
396,Moez Echargui,32.2,1376.3,,374,1343.4,371,1351.2,368,1388.1,,1478.4,2023-08,,476.0,-0.18
397,Govind Nanda,24.1,1375.2,,367,1352.1,419,1302.2,370,1387.6,,1501.0,2022-09,,372.0,0.07
398,Juan Bautista Torres,23.0,1375.2,,433,1289.7,359,1364.7,369,1387.6,,1586.6,2022-07,,273.0,0.38
399,Mohamed Safwat,34.3,1373.6,,356,1362.8,364,1357.5,351,1395.8,,1640.1,2020-02,,589.0,-0.39
400,Michael Vrbensky,25.1,1372.9,,405,1323.6,372,1350.8,373,1386.5,,1576.5,2021-07,,412.0,-0.03
401,Aleksandre Bakshi,27.7,1371.4,,373,1344.1,274,1435.7,279,1435.7,,1613.0,2024-07,,457.0,-0.13
402,Ramkumar Ramanathan,30.2,1371.4,,377,1341.5,350,1369.9,348,1397.0,,1622.0,2018-04,,558.0,-0.33
403,Sasi Kumar Mukund,28.0,1369.9,,372,1344.8,441,1273.1,444,1348.3,,1498.8,2019-02,,456.0,-0.12
404,Marvin Moeller,25.6,1369.7,,321,1396.5,379,1341.0,283,1434.8,,1567.7,2021-07,,478.0,-0.17
405,Blake Ellis,26.1,1365.6,,385,1338.1,427,1292.8,376,1382.8,,1490.7,2018-02,,291.0,0.33
406,Martin Damm,21.5,1363.9,,362,1355.9,464,1249.2,199,1490.0,,1767.9,1999-11,,740.0,-0.6
407,Micah Braswell,23.2,1361.1,,395,1327.2,429,1290.6,379,1380.6,,1418.6,2025-01,,422.0,-0.04
408,Hiroki Moriya,34.3,1359.9,,394,1327.7,456,1258.4,430,1357.2,,1584.0,2012-12,,452.0,-0.1
409,Lukas Pokorny,23.1,1358.1,,407,1321.3,401,1327.3,381,1379.1,,1383.5,2025-02,,418.0,-0.02
410,Joel Schwaerzler,19.2,1357.8,,432,1290.3,386,1334.6,382,1378.9,,1621.9,2024-05,,320.0,0.25
411,Alexey Zakharov,24.7,1357.5,,430,1291.5,304,1408.1,384,1378.7,,1479.8,2024-07,,378.0,0.08
412,Daniel Michalski,25.1,1357.4,,346,1371.0,385,1334.8,294,1428.7,,1590.8,2020-02,,319.0,0.26
413,Tristan Lamasine,31.8,1356.2,,357,1362.7,415,1308.1,296,1427.2,,1641.8,2015-09,,634.0,-0.43
414,Evgeny Karlovskiy,30.5,1354.0,,390,1331.1,388,1333.9,411,1366.5,,1560.3,2020-01,,416.0,0.0
415,Robin Bertrand,22.1,1351.7,,392,1330.2,421,1298.8,387,1375.9,,1540.9,2024-07,,295.0,0.34
416,Jules Marie,33.3,1351.4,,416,1310.3,417,1306.9,453,1339.5,,1467.6,2024-02,,533.0,-0.25
417,Florent Bax,25.8,1350.5,,412,1315.9,408,1315.2,390,1375.2,,1449.1,2025-04,,417.0,0.0
418,Carlos Sanchez Jover,24.6,1350.3,,447,1259.1,396,1330.2,391,1375.1,,1440.5,2023-09,,266.0,0.45
419,Ergi Kirkin,26.2,1349.7,,393,1329.7,387,1334.0,419,1361.9,,1516.7,2022-05,,429.0,-0.02
420,Moerani Bouzige,25.7,1348.7,,397,1326.1,433,1284.4,392,1374.4,,1416.7,2024-12,,381.0,0.1
421,Mika Brunold,20.5,1347.8,,378,1341.3,435,1283.6,393,1373.9,,1492.5,2023-03,,304.0,0.33
422,Alexander Weis,27.3,1344.2,,443,1273.1,406,1317.5,396,1372.1,,1438.4,2023-05,,447.0,-0.06
423,Adria Soriano Barrera,25.7,1343.2,,396,1326.7,423,1297.7,397,1371.6,,1384.5,2023-06,,424.0,0.0
424,Toby Alex Kodat,22.2,1342.2,,426,1294.3,418,1303.3,399,1371.1,,1535.4,2024-05,,352.0,0.19
425,Renzo Olivo,33.1,1341.4,,419,1308.5,404,1320.5,450,1342.5,,1643.4,2015-02,,354.0,0.18
426,Christian Langmo,28.8,1341.3,,398,1325.8,485,1189.2,400,1370.6,,1411.8,2023-04,,321.0,0.28
427,Lucas Poullain,29.3,1337.7,,413,1315.1,453,1263.7,402,1368.9,,1590.8,2023-10,,414.0,0.03
428,Antoine Ghibaudo,20.0,1337.1,,411,1317.6,442,1272.5,404,1368.6,,1359.9,2024-11,,605.0,-0.35
429,Neil Oberleitner,25.7,1336.6,,448,1258.6,391,1333.8,405,1368.3,,1378.0,2024-07,,384.0,0.11
430,Juan Carlos Prado Angelo,20.1,1335.6,,439,1276.0,402,1323.8,406,1367.8,,1464.8,2024-11,,311.0,0.32
431,Conner Huertas Del Pino,29.3,1334.6,,417,1309.8,420,1302.1,409,1367.3,,1354.2,2025-04,,559.0,-0.26
432,Marek Gengel,29.4,1334.2,,408,1321.0,470,1228.1,443,1348.5,,1505.8,2023-01,,243.0,0.58
433,Hernan Casanova,31.2,1333.2,,465,1232.9,403,1320.7,460,1335.8,,1474.0,2022-09,,503.0,-0.15
434,Oleg Prihodko,27.5,1332.5,,423,1300.7,440,1275.3,412,1366.2,,1514.0,2021-12,,332.0,0.27
435,Dan Added,25.8,1331.8,,420,1307.7,446,1270.6,413,1365.9,,1509.3,2023-03,,371.0,0.16
436,Garrett Johns,24.3,1329.3,,414,1312.3,432,1286.2,414,1364.6,,1408.0,2025-03,,364.0,0.18
437,Felix Gill,22.2,1328.8,,427,1293.7,411,1311.9,492,1276.5,,1476.8,2024-02,,595.0,-0.31
438,Pedro Sakamoto,31.8,1324.8,,438,1279.5,409,1314.6,417,1362.4,,1495.6,2019-05,,353.0,0.22
439,Tom Paris,22.6,1323.6,,400,1324.8,467,1235.3,420,1361.8,,1404.4,2025-03,,410.0,0.07
440,Masamichi Imamura,26.2,1321.3,,428,1293.7,445,1270.7,421,1360.7,,1394.5,2024-11,,341.0,0.25
441,Mateus Alves,24.2,1321.3,,474,1214.6,405,1319.9,422,1360.6,,1422.1,2024-11,,322.0,0.31
442,Petr Bar Biryukov,22.9,1321.1,,422,1301.7,447,1270.5,423,1360.5,,1329.9,2025-02,,339.0,0.27
443,Strong Kirchheimer,29.5,1320.6,,424,1298.6,476,1210.2,425,1360.3,,1390.2,2023-09,,608.0,-0.32
444,Tyler Zink,24.1,1320.4,,406,1322.2,449,1269.2,426,1360.2,,1379.8,2025-03,,370.0,0.18
445,Dane Sweeny,23.9,1317.8,,429,1293.7,471,1224.1,484,1302.7,,1568.3,2024-02,,581.0,-0.27
446,Maxime Janvier,28.5,1317.3,,440,1274.7,425,1296.6,371,1387.5,,1601.5,2019-09,,420.0,0.06
447,Diego Dedura Palomero,17.1,1315.6,,458,1240.9,416,1307.9,429,1357.8,,1330.8,2025-04,,374.0,0.18
448,Daniel Merida Aguilar,20.5,1308.4,,481,1196.4,394,1332.8,433,1354.2,,1333.6,2025-03,,335.0,0.29
449,Daniel Dutra Da Silva,36.7,1306.6,,455,1247.8,438,1276.0,434,1353.3,,1519.5,2009-02,,346.0,0.26
450,Yanki Erel,24.5,1304.0,,425,1294.4,473,1220.6,462,1334.7,,1467.9,2022-07,,590.0,-0.27
451,Oleksandr Ovcharenko,23.4,1301.1,,441,1274.7,452,1264.3,439,1350.5,,1385.7,2025-02,,355.0,0.24
452,Ryan Seggerman,25.7,1301.1,,450,1254.6,389,1333.9,438,1350.6,,1512.4,2024-08,,415.0,0.09
453,Fajing Sun,28.5,1300.3,,436,1280.7,487,1181.8,440,1350.2,,1333.1,2024-10,,289.0,0.45
454,Guido Ivan Justo,27.3,1300.1,,462,1235.7,426,1293.3,441,1350.1,,1319.7,2025-04,,387.0,0.16
455,Gonzalo Villanueva,30.2,1294.4,,479,1201.3,428,1290.8,446,1347.2,,1454.7,2022-05,,428.0,0.06
456,Pedro Boscardin Dias,22.2,1293.9,,485,1184.9,431,1289.0,447,1347.0,,1424.7,2022-05,,398.0,0.14
457,Alex Marti Pujolras,26.0,1286.9,,435,1285.0,458,1257.7,448,1343.5,,1359.7,2023-04,,343.0,0.29
458,Sebastian Fanselow,33.0,1286.6,,444,1271.2,460,1256.7,469,1325.7,,1540.8,2019-01,,661.0,-0.37
459,Roberto Cid,31.6,1285.9,,434,1287.2,461,1252.9,445,1347.3,,1621.4,2018-06,,445.0,0.03
460,Franco Roncadelli,25.2,1283.7,,468,1227.9,454,1263.2,451,1341.8,,1395.8,2024-09,,367.0,0.23
461,Keegan Smith,26.6,1283.2,,452,1250.6,486,1184.7,452,1341.6,,1403.9,2021-12,,545.0,-0.17
462,Yusuke Takahashi,27.2,1278.8,,449,1255.0,450,1268.0,454,1339.4,,1451.5,2018-01,,469.0,-0.02
463,Kaichi Uchida,30.6,1277.8,,451,1253.5,443,1272.3,436,1351.6,,1571.8,2023-02,,407.0,0.13
464,Rigele Te,27.5,1277.4,,460,1239.2,413,1310.0,456,1338.7,,1331.9,2024-05,,494.0,-0.06
465,Saba Purtseladze,23.4,1276.0,,454,1248.6,475,1212.0,458,1338.0,,1437.9,2024-09,,288.0,0.48
466,Charles Broom,26.8,1271.9,,477,1204.7,465,1245.9,428,1359.3,,1536.4,2024-06,,349.0,0.29
467,Jose Pereira,34.2,1270.7,,464,1233.4,457,1258.3,461,1335.4,,1354.7,2022-04,,600.0,-0.25
468,Mariano Kestelboim,29.2,1265.6,,478,1204.2,451,1267.2,463,1332.8,,1290.0,2025-04,,404.0,0.15
469,Juan Alejandro Hernandez Serrano,25.8,1260.4,,463,1234.0,478,1207.0,465,1330.2,,1291.9,2025-04,,523.0,-0.11
470,Martin Krumich,21.6,1260.2,,459,1240.1,469,1230.8,466,1330.1,,1347.7,2022-05,,491.0,-0.04
471,Kris Van Wyk,28.5,1259.3,,453,1249.6,340,1379.7,380,1379.7,,1448.8,2024-10,,386.0,0.2
472,Tomas Farjat,23.7,1258.4,,470,1222.6,455,1261.1,467,1329.2,,1344.4,2024-08,,490.0,-0.04
473,Valerio Aboian,22.8,1257.6,,483,1188.7,459,1257.1,468,1328.8,,1355.1,2024-04,,434.0,0.09
474,Petr Nesterov,22.0,1250.6,,442,1274.2,472,1223.1,470,1325.3,,1421.9,2024-08,,439.0,0.08
475,Kasidit Samrej,24.2,1247.7,,466,1232.5,382,1338.0,394,1373.9,,1424.3,2019-04,,394.0,0.19
476,Justin Engel,17.5,1244.6,,457,1243.0,481,1202.6,472,1322.3,,1451.7,2024-10,,345.0,0.32
477,Alejo Lorenzo Lingua Lavallen,24.1,1244.0,,467,1232.0,468,1233.6,473,1322.0,,1431.1,2024-05,,423.0,0.12
478,Yi Zhou,20.1,1242.2,,469,1223.0,474,1212.9,474,1321.1,,1365.8,2024-02,,369.0,0.26
479,Luciano Emanuel Ambrogi,21.4,1240.7,,487,1171.5,462,1252.6,475,1320.4,,1410.3,2024-09,,376.0,0.24
480,Bruno Kuzuhara,21.0,1229.9,,482,1194.7,477,1209.2,476,1315.0,,1335.1,2024-07,,539.0,-0.12
481,Miguel Damas,25.2,1225.6,,471,1218.9,484,1189.6,477,1312.8,,1310.3,2022-04,,430.0,0.11
482,Naoki Nakagawa,28.3,1225.6,,472,1217.6,493,1117.0,478,1312.8,,1327.7,2024-09,,350.0,0.32
483,Benjamin Lock,31.7,1221.0,,480,1200.7,479,1204.1,471,1324.4,,1579.9,2015-07,,356.0,0.31
484,Vadym Ursu,28.3,1213.5,,484,1187.5,490,1162.9,489,1285.7,,1255.5,2024-10,,458.0,0.06
485,Leonardo Aboian,27.0,1212.5,,473,1216.3,480,1202.7,479,1306.3,,1275.4,2024-06,,639.0,-0.28
486,Andrea Picchione,26.8,1211.4,,476,1210.0,482,1196.5,480,1305.7,,1366.1,2024-04,,419.0,0.15
487,Karan Singh,21.8,1210.8,,488,1162.8,463,1252.3,482,1305.4,,1339.8,2025-02,,518.0,-0.06
488,Maxime Chazal,31.8,1202.1,,490,1146.5,483,1194.6,485,1301.1,,1382.8,2015-09,,358.0,0.31
489,Alexis Gautier,27.7,1191.5,,492,1127.5,466,1241.3,486,1295.8,,1509.5,2021-10,,750.0,-0.43
490,Ryan Nijboer,25.5,1178.7,,486,1176.2,488,1180.2,487,1289.3,,1353.7,2024-05,,408.0,0.18
491,Kiranpal Pannu,28.2,1171.9,,489,1157.5,491,1155.1,488,1285.9,,1371.7,2024-02,,502.0,-0.02
492,Matthew Dellavedova,24.7,1154.2,,491,1139.5,492,1147.1,491,1277.1,,1201.5,2024-01,,396.0,0.22
493,Ajeet Rai,26.0,1122.9,,493,1096.4,489,1171.4,493,1261.4,,1293.8,2019-09,,477.0,0.03
